title,listing_url,source_website,img_of_unit,days_ago_posted,post_updated,first_seen,last_seen,status,address,street_address,neighbourhood,city,province,price,bedrooms,bathrooms,square_feet,lot_size,property_type,post_description,move_in_date,security_deposit,min_rental_period,amenities,features,facilities,pet,appliances,parking,locker,smoking,agent_name,brokerage,listing_id,listing_hash,latitude,longitude,furnished,pets_allowed,utilities_included,description,is_active
Modern bachelor apartments at Yarrow and Aster East Village!,https://www.kijiji.ca/v-apartments-condos/vancouver/modern-bachelor-apartments-at-yarrow-and-aster-east-village/1726387902,Kijiji.ca,N/A,N/A,N/A,2026-06-07,2026-06-07,active,"435 Boundary Road, Vancouver, BC, V5K 0H6",435 Boundary Road,Vancouver,Vancouver,BC,1895,Studio/Bachelor,1,N/A,N/A,Apartment,Stylish Apartment Living at Yarrow &amp; Aster East VillageUp to Two Months Free Rent on Select Suites* Yarrow &amp; Aster East Village are located in the diverse community of Hastings-Sunrise of East ...,N/A,N/A,N/A,N/A,N/A,N/A,Yes,N/A,N/A,N/A,N/A,N/A,N/A,1726387902,f738419ef9a19322e420d11a49e7cb51,N/A,N/A,N/A,N/A,N/A,N/A,1
Century - 1 Bedroom Apartment for Rent,https://www.kijiji.ca/v-apartments-condos/vancouver/century-1-bedroom-apartment-for-rent/1738247260,Kijiji.ca,N/A,N/A,N/A,2026-06-07,2026-06-07,active,"250 EAST 15TH STREET, North Vancouver, BC, V7L 2R4",250 EAST 15TH STREET,North Vancouver,Vancouver,BC,2725,1,1,523,N/A,House,"Century by Cressey offers pet-friendly studio, one-, two-, and three-bedroom rental homes in the vibrant Central Lonsdale neighbourhood of North Vancouver. This building is a walker&apos;s paradise as the ...",N/A,N/A,N/A,N/A,N/A,N/A,Yes,N/A,N/A,N/A,N/A,N/A,N/A,1738247260,f32891732ffb3c7e2464b2ec8cce5611,N/A,N/A,N/A,N/A,N/A,N/A,1
The Lonsdale - 2 Bedroom Apartment for Rent,https://www.kijiji.ca/v-apartments-condos/vancouver/the-lonsdale-2-bedroom-apartment-for-rent/1708206115,Kijiji.ca,N/A,N/A,N/A,2026-06-07,2026-06-07,active,"108 13th Street West, North Vancouver, BC, V7M 0G8",108 13th Street West,North Vancouver,Vancouver,BC,4300,2,2,908,N/A,Apartment,"Outfitted with a timeless mid-century modern design, this furnished two-bedroom apartment for rent at The Lonsdale provides the perfect temporary home in the heart of North Vancouver. A ...",N/A,N/A,N/A,N/A,N/A,N/A,No,N/A,N/A,N/A,N/A,N/A,N/A,1708206115,ce5ebf550c4afd063fc7adde80acd232,N/A,N/A,N/A,N/A,N/A,N/A,1
Three bedroom landway house for rent,https://www.kijiji.ca/v-apartments-condos/vancouver/three-bedroom-landway-house-for-rent/1737948850,Kijiji.ca,N/A,N/A,N/A,2026-06-07,2026-06-07,active,"3437 Turner Street, Vancouver, BC",3437 Turner Street,Vancouver,Vancouver,BC,3000,3,2,1000,N/A,Room,"Three bedroom two bath one living room for rent located one block from the #4 and 14 buses on McGill into Downtown, and 1 km walk up to Hastings Street to catch the #95 to SFU. Access to North ...",N/A,N/A,N/A,N/A,N/A,N/A,No,N/A,N/A,N/A,N/A,N/A,N/A,1737948850,833a9944ea458e89ee6eec948bd2e2b1,N/A,N/A,N/A,N/A,N/A,N/A,1
Long-term Rental Downtown Month to Month,https://www.kijiji.ca/v-apartments-condos/vancouver/long-term-rental-downtown-month-to-month/1728371296,Kijiji.ca,N/A,N/A,N/A,2026-06-07,2026-06-07,active,"Vancouver, BC V6B 1T5",Vancouver,BC V6B 1T5,Vancouver,BC,1000,1,1,550,N/A,Apartment,"Month to Month is ok with us and 1 bedroom, 2 bedrooms, 2 bedrooms plus 1 den with all full Kitchen, in unit laundry (no waiting), size toilet and showers; We are 1 block away from the Downtown Water ...",N/A,N/A,N/A,N/A,N/A,N/A,No,N/A,N/A,N/A,N/A,N/A,N/A,1728371296,a9f874fee80aa384c7609a37dbb7acb4,N/A,N/A,N/A,N/A,N/A,N/A,1
"1478 E 57TH AVENUE Vancouver, British Columbia",https://www.kijiji.ca/v-apartments-condos/vancouver/1478-e-57th-avenue-vancouver-british-columbia/1738822859,Kijiji.ca,N/A,N/A,N/A,2026-06-07,2026-06-07,active,"E 57TH AVENUE, Vancouver, BC, V5P2A9",E 57TH AVENUE,Vancouver,Vancouver,BC,2700,3,2,N/A,N/A,Apartment,"Property Details: - 3 Bedrooms | 2 Bathrooms - Upper level of a detached house (separate entrance, self-contained unit) - Address: E 57th Ave and Knight St, Vancouver - Rent: $2,700/month - Available ...",N/A,N/A,N/A,N/A,N/A,N/A,No,N/A,N/A,N/A,N/A,N/A,N/A,1738822859,16782aa25483d8481b9f856c85a7e0ae,N/A,N/A,N/A,N/A,N/A,N/A,1
"38XX W 36TH AVE VANCOUVER BC Vancouver, British Columbia",https://www.kijiji.ca/v-apartments-condos/vancouver/38xx-w-36th-ave-vancouver-bc-vancouver-british-columbia/1738821227,Kijiji.ca,N/A,N/A,N/A,2026-06-07,2026-06-07,active,"W 36TH AVE VANCOUVER BC, Vancouver, BC, V6N2S5",W 36TH AVE VANCOUVER BC,Vancouver,Vancouver,BC,3000,2,1,N/A,N/A,Basement Suite,"Located in the prestigious Dunbar neighborhood of Vancouver West, this brand new, self-contained 2-bedroom, 1-bathroom basement suite offers a. blend of quality, comfort, and convenience. Private ...",N/A,N/A,N/A,N/A,N/A,N/A,No,N/A,N/A,N/A,N/A,N/A,N/A,1738821227,7fce14cb91cc42fbe6bd76b08e7e98b6,N/A,N/A,N/A,N/A,N/A,N/A,1
"68xx  ARBUTUS STREET Vancouver, British Columbia",https://www.kijiji.ca/v-apartments-condos/vancouver/68xx-arbutus-street-vancouver-british-columbia/1738821226,Kijiji.ca,N/A,N/A,N/A,2026-06-07,2026-06-07,active,"ARBUTUS STREET, Vancouver, BC, V6P5S7",ARBUTUS STREET,Arbutus,Vancouver,BC,4500,4,4,N/A,N/A,House,"On quiet side of ARBUTUS BY 53RD AVE. INCREDIBLE PROPERTY ON THIS HUGE EXTRA DEEP LOT 95 X 231 (21,945 SQ. FT.) BEAUTIFUL STREET APPEAL, SURROUNDED WITH MANY MILLIONS DOLLARS NEW HOMES. S.W.MARINE ...",N/A,N/A,N/A,N/A,N/A,N/A,No,N/A,N/A,N/A,N/A,N/A,N/A,1738821226,984f8f11734f9154e551cf69ec3ceac1,N/A,N/A,N/A,N/A,N/A,N/A,1
2 bdrm basement nr King Edward station,https://www.kijiji.ca/v-apartments-condos/vancouver/2-bdrm-basement-nr-king-edward-station/1738537589,Kijiji.ca,N/A,N/A,N/A,2026-06-07,2026-06-07,active,"W 23rd Ave, Vancouver, BC V5Z 2A4",W 23rd Ave,Vancouver,Vancouver,BC,2150,2,1,800,N/A,Basement Suite,"2 bdrm basement suite in Douglas Park neighbourhood. Price includes utilities, wifi, and laundry. Near VGF, Womens and Childrens Hospital and GF strong. Ceiling is 6’6” height so tall people beware. ...",N/A,N/A,N/A,N/A,N/A,N/A,No,N/A,N/A,N/A,N/A,N/A,N/A,1738537589,ffdd854aed55e99c3fbe2eef37ec4fce,N/A,N/A,N/A,N/A,N/A,N/A,1
"2788 PRINCE EDWARD STREET Vancouver, British Columbia",https://www.kijiji.ca/v-apartments-condos/vancouver/2788-prince-edward-street-vancouver-british-columbia/1738813462,Kijiji.ca,N/A,N/A,N/A,2026-06-07,2026-06-07,active,"PRINCE EDWARD STREET, Vancouver, BC, V5T0C8",PRINCE EDWARD STREET,Vancouver,Vancouver,BC,3795,2,2,N/A,N/A,Apartment,"This gorgeous Mount Pleasant Vancouver Furnished Condo for Rent at Uptown offers 2 bedrooms ,2 bathrooms, a den and lovely balcony. With it´s terrific location and floor-plan, this Vancouver ...",N/A,N/A,N/A,N/A,N/A,N/A,No,N/A,N/A,N/A,N/A,N/A,N/A,1738813462,d243b1431e54b44f937e9fad641b4838,N/A,N/A,N/A,N/A,N/A,N/A,1
"1003 833 HOMER STREET Vancouver, British Columbia",https://www.kijiji.ca/v-apartments-condos/vancouver/1003-833-homer-street-vancouver-british-columbia/1738813464,Kijiji.ca,N/A,N/A,N/A,2026-06-07,2026-06-07,active,"833 HOMER STREET, Vancouver, BC, V6B2W2",833 HOMER STREET,Vancouver,Vancouver,BC,3795,2,3,N/A,N/A,Apartment,"Enjoy the comfort and convenience of this furnished 2 bedroom plus den condo for rent in downtown Vancouver. Located in the Atelier building, this spacious suite offers 1180 sqft of living space, ...",N/A,N/A,N/A,N/A,N/A,N/A,No,N/A,N/A,N/A,N/A,N/A,N/A,1738813464,4e35348f1aee6e3f78a8aef99d6adae9,N/A,N/A,N/A,N/A,N/A,N/A,1
"31X 180 EAST 2ND AVENUE Vancouver, British Columbia",https://www.kijiji.ca/v-apartments-condos/vancouver/31x-180-east-2nd-avenue-vancouver-british-columbia/1738810965,Kijiji.ca,N/A,N/A,N/A,2026-06-07,2026-06-07,active,"180 EAST 2ND AVENUE, Vancouver, BC, V5T0K4",180 EAST 2ND AVENUE,Vancouver,Vancouver,BC,3400,1,1,N/A,N/A,House,"Welcome to Second + Main in the heart of Mount Pleasant, one of Vancouver´s most vibrant neighborhoods. This modern 2 Bed + Den, 2 Bath home is situated on the quiet side of the building, offering ...",N/A,N/A,N/A,N/A,N/A,N/A,No,N/A,N/A,N/A,N/A,N/A,N/A,1738810965,0afae9a8d5a278ba5c83c7fc8b5f091d,N/A,N/A,N/A,N/A,N/A,N/A,1
"2400 WEST 19TH AVENUE Vancouver, British Columbia",https://www.kijiji.ca/v-apartments-condos/vancouver/2400-west-19th-avenue-vancouver-british-columbia/1738811816,Kijiji.ca,N/A,N/A,N/A,2026-06-07,2026-06-07,active,"WEST 19TH AVENUE, Vancouver, BC, V6L1C7",WEST 19TH AVENUE,Vancouver,Vancouver,BC,2100,2,1,N/A,N/A,House,"Please Email or Text to book the showing, thanks. 1. Address: 24xx West 19th Ave 2. Area: Vancouver W 3. Style: House 4. Room:2bed1bath 5. level: Basement 6. Floor sqft: 800 sqft 7. lot sqft: sqft 8. ...",N/A,N/A,N/A,N/A,N/A,N/A,No,N/A,N/A,N/A,N/A,N/A,N/A,1738811816,b68c74b5067fc0dbaef4eac69ae22b72,N/A,N/A,N/A,N/A,N/A,N/A,1
"1XX 5728 BERTON AVENUE Vancouver, British Columbia",https://www.kijiji.ca/v-apartments-condos/vancouver/1xx-5728-berton-avenue-vancouver-british-columbia/1738811257,Kijiji.ca,N/A,N/A,N/A,2026-06-07,2026-06-07,active,"5728 BERTON AVENUE, Vancouver, BC, V6S0E5",5728 BERTON AVENUE,Vancouver,Vancouver,BC,4000,2,2,N/A,N/A,N/A,UBC Ground Floor Separate Entrance 2 bed 2 bath for Rent FEATURING: - Brand New Floor and Paint - 1 storage &amp; 1 parking - Central AC - Separate Entrance - Ground floor good for piano playing - ...,N/A,N/A,N/A,N/A,N/A,N/A,No,N/A,N/A,N/A,N/A,N/A,N/A,1738811257,f0a3f2faa5ef6fce31573cb9cd29ded5,N/A,N/A,N/A,N/A,N/A,N/A,1
"1001 6233 KATSURA STREET Richmond, British Columbia",https://www.kijiji.ca/v-apartments-condos/vancouver/1001-6233-katsura-street-richmond-british-columbia/1738811585,Kijiji.ca,N/A,N/A,N/A,2026-06-07,2026-06-07,active,"6233 KATSURA STREET, Richmond, BC, V5R5T5",6233 KATSURA STREET,Richmond,Vancouver,BC,2500,2,2,N/A,N/A,Apartment,"Bright and spacious southeast corner unit at sought-after Hamptons Park in Richmond´s McLennan North neighbourhood. This well-maintained 2 bedroom, 2 bathroom home features an efficient open-concept ...",N/A,N/A,N/A,N/A,N/A,N/A,No,N/A,N/A,N/A,N/A,N/A,N/A,1738811585,c1034dc29f006241a63b57e6c11c15d0,N/A,N/A,N/A,N/A,N/A,N/A,1
"3005 198 AQUARIUS MEWS Vancouver, British Columbia",https://www.kijiji.ca/v-apartments-condos/vancouver/3005-198-aquarius-mews-vancouver-british-columbia/1738811958,Kijiji.ca,N/A,N/A,N/A,2026-06-07,2026-06-07,active,"198 AQUARIUS MEWS, Vancouver, BC, V6Z2Y4",198 AQUARIUS MEWS,Vancouver,Vancouver,BC,2650,1,1,N/A,N/A,Apartment,"Available July 15-FULLY FURNISHED JR-1BED &amp; DEN, 526sf, 30th Floor Corner unit with stunning city and marina views at the prestigious Yaletown condo. Featuring equipped kitchen with gas stove, ...",N/A,N/A,N/A,N/A,N/A,N/A,No,N/A,N/A,N/A,N/A,N/A,N/A,1738811958,ebb9e0e34f43dfdfc1cab10cdaf14469,N/A,N/A,N/A,N/A,N/A,N/A,1
"1907 - 585 AUSTIN AVENUE Coquitlam, BC, British Columbia",https://www.kijiji.ca/v-apartments-condos/vancouver/1907-585-austin-avenue-coquitlam-bc-british-columbia/1738812339,Kijiji.ca,N/A,N/A,N/A,2026-06-07,2026-06-07,active,"- 585 AUSTIN AVENUE, Coquitlam, BC, BC, V3K0G6",- 585 AUSTIN AVENUE,Coquitlam,Vancouver,BC,3600,1,1,N/A,N/A,N/A,"Fully Furnished, Move-in With Suitcase. The PANORAMIC View is breathtaking. Large Open Living &amp; Dining Rm w/9&apos; High Ceiling, Massive Floor to Ceiling Windows w/Roller Blinds, Gorgeous Wide Plank Wood ...",N/A,N/A,N/A,N/A,N/A,N/A,No,N/A,N/A,N/A,N/A,N/A,N/A,1738812339,e54a882f5e2774ee599a945c1ab9e977,N/A,N/A,N/A,N/A,N/A,N/A,1
"205 2888 ARBUTUS STREET Vancouver, British Columbia",https://www.kijiji.ca/v-apartments-condos/vancouver/205-2888-arbutus-street-vancouver-british-columbia/1738811352,Kijiji.ca,N/A,N/A,N/A,2026-06-07,2026-06-07,active,"2888 ARBUTUS STREET, Vancouver, BC, V6J0J1",2888 ARBUTUS STREET,Arbutus,Vancouver,BC,2590,1,1,N/A,N/A,Apartment,"This is a near-new, luxurious, 691sf, 1 bedroom + den, corner unit, featuring 9&apos; ceilings, plenty of full-height windows on two sides, heating &amp; cooling (system only), roller blinds, engineered wood ...",N/A,N/A,N/A,N/A,N/A,N/A,No,N/A,N/A,N/A,N/A,N/A,N/A,1738811352,b75f4cd438f1b0f51add152a9031554b,N/A,N/A,N/A,N/A,N/A,N/A,1
"212 1940 BARCLAY STREET Vancouver, British Columbia",https://www.kijiji.ca/v-apartments-condos/vancouver/212-1940-barclay-street-vancouver-british-columbia/1738813461,Kijiji.ca,N/A,N/A,N/A,2026-06-07,2026-06-07,active,"1940 BARCLAY STREET, Vancouver, BC, V6G1L3",1940 BARCLAY STREET,Vancouver,Vancouver,BC,1995,1,1,N/A,N/A,Apartment,"Enjoy smart design and modern furnishings in this West End Vancouver Furnished Condo for Rent at Bourbon Court. With 400 square feet, this studio suite enjoys built-in cabinetry including a Murphy ...",N/A,N/A,N/A,N/A,N/A,N/A,No,N/A,N/A,N/A,N/A,N/A,N/A,1738813461,368e800da7400d53819d2a8b581b715f,N/A,N/A,N/A,N/A,N/A,N/A,1
"2202 689 ABBOTT STREET Vancouver, British Columbia",https://www.kijiji.ca/v-apartments-condos/vancouver/2202-689-abbott-street-vancouver-british-columbia/1738813460,Kijiji.ca,N/A,N/A,N/A,2026-06-07,2026-06-07,active,"689 ABBOTT STREET, Vancouver, BC, V6B6B8",689 ABBOTT STREET,Vancouver,Vancouver,BC,3650,2,2,N/A,N/A,Apartment,"Discover the perfect blend of urban living and natural beauty in this spacious 980 square foot unfurnished condo in Vancouver. With stunning city, water, and mountain views, this residence offers an ...",N/A,N/A,N/A,N/A,N/A,N/A,No,N/A,N/A,N/A,N/A,N/A,N/A,1738813460,6937e824e04044dc61f6357063df9102,N/A,N/A,N/A,N/A,N/A,N/A,1
VERY spacious one bedroom,https://www.kijiji.ca/v-apartments-condos/vancouver/very-spacious-one-bedroom/1735851537,Kijiji.ca,N/A,N/A,N/A,2026-06-07,2026-06-07,active,"55 Water Street, Vancouver, BC, V6B 1A1",55 Water Street,Vancouver,Vancouver,BC,3100,1,1,969,N/A,N/A,VERY spacious one bedroom Building Features: Zoned as live/work allowing for both commercial and residential uses Secured fob entry for added security On-site management Conference room Fitness ...,N/A,N/A,N/A,N/A,N/A,N/A,Yes,N/A,N/A,N/A,N/A,N/A,N/A,1735851537,fdc84fdb72cac4584a40f3063d008b12,N/A,N/A,N/A,N/A,N/A,N/A,1
Pet friendly Studio suite for rent with AC $1925,https://www.kijiji.ca/v-apartments-condos/vancouver/pet-friendly-studio-suite-for-rent-with-ac-1925/1737551647,Kijiji.ca,N/A,N/A,N/A,2026-06-07,2026-06-07,active,"2550 Garden Drive, Vancouver, BC",2550 Garden Drive,Vancouver,Vancouver,BC,1925,Studio/Bachelor,1,426,N/A,Apartment,"Pet Friendly Studio suite with AC, located at 2550 Garden Drive available July 1, $1925 (hot water and gas included) This 426 sqft upper floor unit with city views has high ceilings and an open and ...",N/A,N/A,N/A,N/A,N/A,N/A,Yes,N/A,N/A,N/A,N/A,N/A,N/A,1737551647,49eabcf599135a374a14dc859d8a6566,N/A,N/A,N/A,N/A,N/A,N/A,1
1 bedroom/1 bathroom apartment on 22nd floor(Marine Gateway),https://www.kijiji.ca/v-apartments-condos/vancouver/1-bedroom-1-bathroom-apartment-on-22nd-floor-marine-gateway/1738806322,Kijiji.ca,N/A,N/A,N/A,2026-06-07,2026-06-07,active,"Vancouver, BC V5X 0C7",Vancouver,BC V5X 0C7,Vancouver,BC,2100,1,1,480,N/A,Apartment,"A prime - location apartment just 12 steps from the Marine Drive Skytrain station. TD, BMO, RBC,CIBC Tim Hortons, Starbucks, A&amp;W, Subway, Fitness, T&amp;T, Winners, Movies and many more shpos are all ...",N/A,N/A,N/A,N/A,N/A,N/A,No,N/A,N/A,N/A,N/A,N/A,N/A,1738806322,72cf3bda18880c9be005599be71b79b9,N/A,N/A,N/A,N/A,N/A,N/A,1
"$3,100 Furnished 1Bed+Den | Airbnb-Permitted | Downtown",https://www.kijiji.ca/v-apartments-condos/vancouver/3-100-furnished-1bed-den-airbnb-permitted-downtown/1738802844,Kijiji.ca,N/A,N/A,N/A,2026-06-07,2026-06-07,active,"Vancouver, BC V6B 0B9",Vancouver,BC V6B 0B9,Vancouver,BC,3100,1.5,1,570,N/A,Apartment,Rare Airbnb-Permitted Building — Unique Opportunity for the Right Tenant Firenze II is one of Vancouver&apos;s few strata-approved buildings where licensed short-term rentals are permitted. Once you have ...,N/A,N/A,N/A,N/A,N/A,N/A,Yes,N/A,N/A,N/A,N/A,N/A,N/A,1738802844,73b77e16507c17459024527737627979,N/A,N/A,N/A,N/A,N/A,N/A,1
Mordern 2B2B + Flex in East Vancouver- Steps to Transit &amp; Drive,https://www.kijiji.ca/v-apartments-condos/vancouver/mordern-2b2b-flex-in-east-vancouver-steps-to-transit-drive/1738802576,Kijiji.ca,N/A,N/A,N/A,2026-06-07,2026-06-07,active,"2250 E 1st Ave, Vancouver, BC V5N 1B9",2250 E 1st Ave,Vancouver,Vancouver,BC,3700,2.5,2,830,N/A,Apartment,"New 2 Bed / 2 Bath + Flex Condo | 2055 East 1st Ave | Furnished | Passive house Available ASAP Brand new building, appliances, balcony, laundry in-suite Conveniently located with a direct 45-minute ...",N/A,N/A,N/A,N/A,N/A,N/A,No,N/A,N/A,N/A,N/A,N/A,N/A,1738802576,e09dc2b3eab004207712d3157895eb6e,N/A,N/A,N/A,N/A,N/A,N/A,1
Studio Apartment for Rent - 2222 Bellevue Avenue,https://www.kijiji.ca/v-apartments-condos/vancouver/studio-apartment-for-rent-2222-bellevue-avenue/1735671178,Kijiji.ca,N/A,N/A,N/A,2026-06-07,2026-06-07,active,"2222 Bellevue Avenue, West Vancouver, BC, V7V 1C7",2222 Bellevue Avenue,West Vancouver,Vancouver,BC,2484,Studio/Bachelor,1,440,N/A,Apartment,"Virtual Open House: View our units by clicking the virtual tour link, schedule a video tour or make an appointment for in person viewing. The Villa Maris sits directly on the ocean above the sea wall ...",N/A,N/A,N/A,N/A,N/A,N/A,No,N/A,N/A,N/A,N/A,N/A,N/A,1735671178,00b75832b1f86a9a2bf80636950d86c3,N/A,N/A,N/A,N/A,N/A,N/A,1
"505 628 KINGHORNE MEWS Vancouver, British Columbia",https://www.kijiji.ca/v-apartments-condos/vancouver/505-628-kinghorne-mews-vancouver-british-columbia/1737255604,Kijiji.ca,N/A,N/A,N/A,2026-06-07,2026-06-07,active,"628 KINGHORNE MEWS, Vancouver, BC, V6Z3A9",628 KINGHORNE MEWS,Vancouver,Vancouver,BC,4200,2,2,N/A,N/A,Apartment,"Welcome to the Silver Seas, a premier waterfront address where luxury meets tranquility. This rare FURNISHED 2 bed +2 bath condo is bathed in natural light year-round while offering stunning views of ...",N/A,N/A,N/A,N/A,N/A,N/A,No,N/A,N/A,N/A,N/A,N/A,N/A,1737255604,c7bd1e22ef279c21ecede2a353946a38,N/A,N/A,N/A,N/A,N/A,N/A,1
"47xx LITTLE STREET Vancouver, British Columbia",https://www.kijiji.ca/v-apartments-condos/vancouver/47xx-little-street-vancouver-british-columbia/1737254440,Kijiji.ca,N/A,N/A,N/A,2026-06-07,2026-06-07,active,"LITTLE STREET, Vancouver, BC, V5X2C6",LITTLE STREET,Vancouver,Vancouver,BC,1300,1,1,N/A,N/A,Basement Suite,"This functional basement suite on Victoria Dr &amp; Kingsway offers a peaceful residential retreat with easy access to the city. The suite features 1 bedroom, a private bathroom, and kitchen facilities. ...",N/A,N/A,N/A,N/A,N/A,N/A,No,N/A,N/A,N/A,N/A,N/A,N/A,1737254440,8b57e71ae0124e69cd9893fd6aa744ff,N/A,N/A,N/A,N/A,N/A,N/A,1
"5XX 1661 QUEBEC STREET Vancouver, British Columbia",https://www.kijiji.ca/v-apartments-condos/vancouver/5xx-1661-quebec-street-vancouver-british-columbia/1737243287,Kijiji.ca,N/A,N/A,N/A,2026-06-07,2026-06-07,active,"1661 QUEBEC STREET, Vancouver, BC, V6B0P4",1661 QUEBEC STREET,Vancouver,Vancouver,BC,2900,1,1,N/A,N/A,Apartment,"*Fully furnished.* Hydro (hot water, electricity), WiFi, ALL included. Tenant pays NO bills.1 month lease &amp; up.1BDR+DEN,1BATH unit in an upscale building(6 years old). It is located in Olympic ...",N/A,N/A,N/A,N/A,N/A,N/A,No,N/A,N/A,N/A,N/A,N/A,N/A,1737243287,2405d0cffae513b9bc340b1269061c06,N/A,N/A,N/A,N/A,N/A,N/A,1
"3000 W 38TH AVENUE Vancouver, British Columbia",https://www.kijiji.ca/v-apartments-condos/vancouver/3000-w-38th-avenue-vancouver-british-columbia/1732828678,Kijiji.ca,N/A,N/A,N/A,2026-06-07,2026-06-07,active,"W 38TH AVENUE, Vancouver, BC, V6N2Y3",W 38TH AVENUE,Vancouver,Vancouver,BC,6800,4,3,N/A,N/A,House,"Description: Experience refined living in this beautiful, semi-custom built 2-story home (2006) located in the heart of the prestigious Dunbar neighborhood. This meticulously maintained residence ...",N/A,N/A,N/A,N/A,N/A,N/A,No,N/A,N/A,N/A,N/A,N/A,N/A,1732828678,7bf308068f5c2227250c77b87dbba240,N/A,N/A,N/A,N/A,N/A,N/A,1
"3 625 W 53RD AVENUE Vancouver, British Columbia",https://www.kijiji.ca/v-apartments-condos/vancouver/3-625-w-53rd-avenue-vancouver-british-columbia/1732826477,Kijiji.ca,N/A,N/A,N/A,2026-06-07,2026-06-07,active,"625 W 53RD AVENUE, Vancouver, BC, V6P1K2",625 W 53RD AVENUE,Vancouver,Vancouver,BC,4200,3,2,N/A,N/A,N/A,"Furnished rental Westside New 3 bedroom 2 bath in Oakridge/South Cambie Langara area, 3 bedrooms 2 bathroom 1100 sf 10 min walk to sky train Fully furnished Well train Pets allowed with Pet deposit 1 ...",N/A,N/A,N/A,N/A,N/A,N/A,No,N/A,N/A,N/A,N/A,N/A,N/A,1732826477,bb53ebfe515570fd983812e6f817294e,N/A,N/A,N/A,N/A,N/A,N/A,1
Century - 3 Bedroom Apartment for Rent,https://www.kijiji.ca/v-apartments-condos/vancouver/century-3-bedroom-apartment-for-rent/1738512742,Kijiji.ca,N/A,N/A,N/A,2026-06-07,2026-06-07,active,"250 EAST 15TH STREET, North Vancouver, BC, V7L 2R4",250 EAST 15TH STREET,North Vancouver,Vancouver,BC,4650,3,2,981,N/A,House,"Century by Cressey offers pet-friendly studio, one-, two-, and three-bedroom rental homes in the vibrant Central Lonsdale neighbourhood of North Vancouver. This building is a walker&apos;s paradise as the ...",N/A,N/A,N/A,N/A,N/A,N/A,Yes,N/A,N/A,N/A,N/A,N/A,N/A,1738512742,72bf42fd3e0881390646724af625005b,N/A,N/A,N/A,N/A,N/A,N/A,1
Century - 3 Bedroom Apartment for Rent,https://www.kijiji.ca/v-apartments-condos/vancouver/century-3-bedroom-apartment-for-rent/1738354708,Kijiji.ca,N/A,N/A,N/A,2026-06-07,2026-06-07,active,"250 EAST 15TH STREET, North Vancouver, BC, V7L 2R4",250 EAST 15TH STREET,North Vancouver,Vancouver,BC,4650,3,1,1025,N/A,House,"Century by Cressey offers pet-friendly studio, one-, two-, and three-bedroom rental homes in the vibrant Central Lonsdale neighbourhood of North Vancouver. This building is a walker&apos;s paradise as the ...",N/A,N/A,N/A,N/A,N/A,N/A,Yes,N/A,N/A,N/A,N/A,N/A,N/A,1738354708,9739ef82d16948c071b1ec4c5bbe8b9a,N/A,N/A,N/A,N/A,N/A,N/A,1
Century - 1 Bedroom Apartment for Rent,https://www.kijiji.ca/v-apartments-condos/vancouver/century-1-bedroom-apartment-for-rent/1738247260,Kijiji.ca,N/A,N/A,N/A,2026-06-07,2026-06-07,active,"250 EAST 15TH STREET, North Vancouver, BC, V7L 2R4",250 EAST 15TH STREET,North Vancouver,Vancouver,BC,2725,1,1,523,N/A,House,"Century by Cressey offers pet-friendly studio, one-, two-, and three-bedroom rental homes in the vibrant Central Lonsdale neighbourhood of North Vancouver. This building is a walker&apos;s paradise as the ...",N/A,N/A,N/A,N/A,N/A,N/A,Yes,N/A,N/A,N/A,N/A,N/A,N/A,1738247260,f32891732ffb3c7e2464b2ec8cce5611,N/A,N/A,N/A,N/A,N/A,N/A,1
Century - 2 Bedroom Apartment for Rent,https://www.kijiji.ca/v-apartments-condos/vancouver/century-2-bedroom-apartment-for-rent/1737984380,Kijiji.ca,N/A,N/A,N/A,2026-06-07,2026-06-07,active,"250 EAST 15TH STREET, North Vancouver, BC, V7L 2R4",250 EAST 15TH STREET,North Vancouver,Vancouver,BC,3676,2,2,726,N/A,House,"Century by Cressey offers pet-friendly studio, one-, two-, and three-bedroom rental homes in the vibrant Central Lonsdale neighbourhood of North Vancouver. This building is a walker&apos;s paradise as the ...",N/A,N/A,N/A,N/A,N/A,N/A,Yes,N/A,N/A,N/A,N/A,N/A,N/A,1737984380,045c1bd333475334f06bdd1bcf1efdfd,N/A,N/A,N/A,N/A,N/A,N/A,1
Century - 1 Bedroom + Den Apartment for Rent,https://www.kijiji.ca/v-apartments-condos/vancouver/century-1-bedroom-den-apartment-for-rent/1737300245,Kijiji.ca,N/A,N/A,N/A,2026-06-07,2026-06-07,active,"250 EAST 15TH STREET, North Vancouver, BC, V7L 2R4",250 EAST 15TH STREET,North Vancouver,Vancouver,BC,2950,1.5,1,621,N/A,House,"Century by Cressey offers pet-friendly studio, one-, two-, and three-bedroom rental homes in the vibrant Central Lonsdale neighbourhood of North Vancouver. This building is a walker&apos;s paradise as the ...",N/A,N/A,N/A,N/A,N/A,N/A,Yes,N/A,N/A,N/A,N/A,N/A,N/A,1737300245,bb78afdd1ee6ff944a30cef1e60af88e,N/A,N/A,N/A,N/A,N/A,N/A,1
1 Bedroom 1 Bathroom Apartment Downtown Vancouver Yaletown,https://www.kijiji.ca/v-apartments-condos/vancouver/1-bedroom-1-bathroom-apartment-downtown-vancouver-yaletown/1738773132,Kijiji.ca,N/A,N/A,N/A,2026-06-07,2026-06-07,active,"Burnaby, BC V5E 3Z8",Burnaby,Burnaby,Vancouver,BC,3000,1,1,795,N/A,Apartment,"Very large and spacious 795 sqft, 1 Bedroom, 1 Bathroom apartment for rent. Located downtown Vancouver in the Yaletown neighborhood with lots of restaurants nearby. Unfurnished. Included: In-suite ...",N/A,N/A,N/A,N/A,N/A,N/A,Yes,N/A,N/A,N/A,N/A,N/A,N/A,1738773132,cce1f559d6e6a3c952e3e738b9069fbf,N/A,N/A,N/A,N/A,N/A,N/A,1
"304 629 COTTONWOOD AVENUE Coquitlam, British Columbia",https://www.kijiji.ca/v-apartments-condos/vancouver/304-629-cottonwood-avenue-coquitlam-british-columbia/1738759623,Kijiji.ca,N/A,N/A,N/A,2026-06-07,2026-06-07,active,"629 COTTONWOOD AVENUE, Coquitlam, BC, V3J0S5",629 COTTONWOOD AVENUE,Coquitlam,Vancouver,BC,3050,2,2,N/A,N/A,Apartment,"2 bedroom + den, 2 full bathroom condo located on the 3rd floor at Skylark in Coquitlam. Approximately 900 square ft with high ceilings, heat and air conditioning, and a large enclosed den (not a ...",N/A,N/A,N/A,N/A,N/A,N/A,No,N/A,N/A,N/A,N/A,N/A,N/A,1738759623,bc5a029978489268820290073346e53f,N/A,N/A,N/A,N/A,N/A,N/A,1
"1106 1289 HORNBY STREET Vancouver, British Columbia",https://www.kijiji.ca/v-apartments-condos/vancouver/1106-1289-hornby-street-vancouver-british-columbia/1738759469,Kijiji.ca,N/A,N/A,N/A,2026-06-07,2026-06-07,active,"1289 HORNBY STREET, Vancouver, BC, V6Z0G7",1289 HORNBY STREET,Vancouver,Vancouver,BC,2500,Studio/Bachelor,1,N/A,N/A,Basement Suite,"Welcome to Burrard Place, one of Vancouver&apos;s premier luxury residences. This brand-new studio suite offers 482 sq. ft. of thoughtfully designed living space in the heart of downtown Vancouver. ...",N/A,N/A,N/A,N/A,N/A,N/A,No,N/A,N/A,N/A,N/A,N/A,N/A,1738759469,994e4f5255cc495c819228afecf6adad,N/A,N/A,N/A,N/A,N/A,N/A,1
Pinnacle Living 1 BR APT Rental 304-1887 Crowe St Vancouver: VAD,https://www.kijiji.ca/v-apartments-condos/vancouver/pinnacle-living-1-br-apt-rental-304-1887-crowe-st-vancouver:-vad/1738038566,Kijiji.ca,N/A,N/A,N/A,2026-06-07,2026-06-07,active,"1887 Crowe Street, Vancouver, BC, V5Y 0B4",1887 Crowe Street,Vancouver,Vancouver,BC,2500,1,1,592,N/A,Apartment,"Pinnacle Living 1 BR APT Rental 304-1887 Crowe St Vancouver: VADA Pinnacle Living is conveniently located across from the seawall, for walking, running, biking or rollerblading. This well-maintained ...",N/A,N/A,N/A,N/A,N/A,N/A,Yes,N/A,N/A,N/A,N/A,N/A,N/A,1738038566,6c58040685db48bc9097616130244162,N/A,N/A,N/A,N/A,N/A,N/A,1
1906-950 Cambie Street,https://www.kijiji.ca/v-apartments-condos/vancouver/1906-950-cambie-street/1738038567,Kijiji.ca,N/A,N/A,N/A,2026-06-07,2026-06-07,active,"950 Cambie Street, Vancouver, BC, V6B 5X5",950 Cambie Street,Cambie,Vancouver,BC,3800,2,2,1068,N/A,N/A,"1906-950 Cambie Street Welcome to Pacific Place Landmark Ι and ΙΙ! Nestled in Vancouver&apos;s vibrant Yaletown neighborhood, Pacific Place Landmark Ι and ΙΙ are two iconic residential towers located at ...",N/A,N/A,N/A,N/A,N/A,N/A,No,N/A,N/A,N/A,N/A,N/A,N/A,1738038567,9a66d51b6d38f3595a8f57ca76a350cd,N/A,N/A,N/A,N/A,N/A,N/A,1
Studio for Rent near VGH in Fairview,https://www.kijiji.ca/v-apartments-condos/vancouver/studio-for-rent-near-vgh-in-fairview/1737659100,Kijiji.ca,N/A,N/A,N/A,2026-06-07,2026-06-07,active,"Vancouver, BC V6H 1R7",Vancouver,BC V6H 1R7,Vancouver,BC,1750,Studio/Bachelor,1,500,N/A,Studio,UNFURNISHED Studio for Rent near VGH at Oak &amp; 15th in Vancouver. -Available on July 1 -Private entrance. -Street parking. -Utilities and internet not included. -Laundromat is half a block away. -Non ...,N/A,N/A,N/A,N/A,N/A,N/A,No,N/A,N/A,N/A,N/A,N/A,N/A,1737659100,8fc08b3a7f6eaf4814b27cb6ecbae69c,N/A,N/A,N/A,N/A,N/A,N/A,1
3 bedroom 2 bath beautiful Yaletown condo with Terrace,https://www.kijiji.ca/v-apartments-condos/vancouver/3-bedroom-2-bath-beautiful-yaletown-condo-with-terrace/1738599323,Kijiji.ca,N/A,N/A,N/A,2026-06-07,2026-06-07,active,"1009 Expo Blvd, Vancouver, BC",1009 Expo Blvd,Vancouver,Vancouver,BC,4950,3,2,1731,N/A,N/A,"Just listed for rent, over 1000 square-foot indoor 3-bedroom, 2-bath PLUS private 700 square foot patio terrace. It is fully furnished. • Large kitchen with 2 ovens. • Primary bedroom with queen size ...",N/A,N/A,N/A,N/A,N/A,N/A,No,N/A,N/A,N/A,N/A,N/A,N/A,1738599323,515fbcb2ebff896f77988b87b9a98f35,N/A,N/A,N/A,N/A,N/A,N/A,1
"New 1BR, 1 bath + den with A/C, parking, view available now!",https://www.kijiji.ca/v-apartments-condos/vancouver/new-1br-1-bath-den-with-a-c-parking-view-available-now/1736153218,Kijiji.ca,N/A,N/A,N/A,2026-06-07,2026-06-07,active,"Vancouver, BC V5N 0J5",Vancouver,BC V5N 0J5,Vancouver,BC,2300,1.5,1,692,N/A,Apartment,"Spacious, upscale condo built in 2024 at Popolo, a new development in Grandview-Woodland, just walking distance to Trout Lake and Commercial Drive. This air conditioned, 692 sq ft , 4th floor unit ...",N/A,N/A,N/A,N/A,N/A,N/A,Yes,N/A,N/A,N/A,N/A,N/A,N/A,1736153218,f6ccac0348880e7ecc9d9fc8610fac0f,N/A,N/A,N/A,N/A,N/A,N/A,1
3 bed 2 bath nice &amp; bright house,https://www.kijiji.ca/v-apartments-condos/vancouver/3-bed-2-bath-nice-bright-house/1738751362,Kijiji.ca,N/A,N/A,N/A,2026-06-07,2026-06-07,active,"381 East 57th Avenue, Vancouver, BC",381 East 57th Avenue,Vancouver,Vancouver,BC,3350,3,2,1380,N/A,House,"Nice and clean 3 bedroom house in South Vancouver between Main and Fraser streets minutes from Langara college. Close to all amenities including shops, restaurants, bus stops and many more. This ...",N/A,N/A,N/A,N/A,N/A,N/A,Yes,N/A,N/A,N/A,N/A,N/A,N/A,1738751362,b33b11c58b5887657fe09d788eb80cf5,N/A,N/A,N/A,N/A,N/A,N/A,1
Conveniently Located 2Br 2Ba With Nice Amenities,https://www.kijiji.ca/v-apartments-condos/vancouver/conveniently-located-2br-2ba-with-nice-amenities/1738239257,Kijiji.ca,N/A,N/A,N/A,2026-06-07,2026-06-07,active,"Vancouver, BC V5N 2T7",Vancouver,BC V5N 2T7,Vancouver,BC,3000,2,2,790,N/A,Apartment,"Light-filled, unfurnished 2 bedroom, 2 bathroom 790 sq.ft. living space with extended balcony located within Vancouver&apos;s Kensington Gardens community. Facing northwest on Kingsway, this corner unit ...",N/A,N/A,N/A,N/A,N/A,N/A,No,N/A,N/A,N/A,N/A,N/A,N/A,1738239257,8c3fe91f3ecf5612b6e01c4d3f63bde2,N/A,N/A,N/A,N/A,N/A,N/A,1
"FOR RENT - 1 Bed + Den, 1 Bath at Millennium Central Lonsdale",https://www.kijiji.ca/v-apartments-condos/vancouver/for-rent-1-bed-den-1-bath-at-millennium-central-lonsdale/1738745965,Kijiji.ca,N/A,N/A,N/A,2026-06-07,2026-06-07,active,"Vancouver, BC V5Z 2V5",Vancouver,BC V5Z 2V5,Vancouver,BC,3950,1.5,1,600,N/A,N/A,"Experience elevated living at Millennium Central Lonsdale in this brand-new 1 bedroom + den, 1 bathroom residence offering 600 sq ft of thoughtfully designed space in the heart of North Vancouver. ...",N/A,N/A,N/A,N/A,N/A,N/A,No,N/A,N/A,N/A,N/A,N/A,N/A,1738745965,34d43fd701a0a684eb6861988284376a,N/A,N/A,N/A,N/A,N/A,N/A,1
"2603 1255 SEYMOUR STREET Vancouver, British Columbia",https://www.kijiji.ca/v-apartments-condos/vancouver/2603-1255-seymour-street-vancouver-british-columbia/1737200033,Kijiji.ca,N/A,N/A,N/A,2026-06-07,2026-06-07,active,"1255 SEYMOUR STREET, Vancouver, BC, V6B0H1",1255 SEYMOUR STREET,Vancouver,Vancouver,BC,3800,2,2,N/A,N/A,Basement Suite,"Spacious 2 bedroom and 2 full bathroom suite high above the city on the 26th floor with amazing Southwest views of False Creek, English Bay &amp; the Downtown core. Finishings include a mix of cherry ...",N/A,N/A,N/A,N/A,N/A,N/A,No,N/A,N/A,N/A,N/A,N/A,N/A,1737200033,1372f5dc5373963cc3d20c9f6a0dc457,N/A,N/A,N/A,N/A,N/A,N/A,1
"110 1460 SOUTHVVIEW ST. Coquitlam, British Columbia",https://www.kijiji.ca/v-apartments-condos/vancouver/110-1460-southvview-st-coquitlam-british-columbia/1735599925,Kijiji.ca,N/A,N/A,N/A,2026-06-07,2026-06-07,active,"1460 SOUTHVVIEW ST., Coquitlam, BC, V3E0G6",1460 SOUTHVVIEW ST.,Coquitlam,Vancouver,BC,4500,3,3,N/A,N/A,House,"Newly reno 3 bedroom 3 bathrooms town house, all rooms are available after Dec 1.2026. No Pets No Smoking! Please briefly introduce yourself by completing the attached pre-screening form and email it ...",N/A,N/A,N/A,N/A,N/A,N/A,No,N/A,N/A,N/A,N/A,N/A,N/A,1735599925,5e99836b063afbe0db72180938ab3236,N/A,N/A,N/A,N/A,N/A,N/A,1
"2808 5665 BOUNDARY ROAD Vancouver, British Columbia",https://www.kijiji.ca/v-apartments-condos/vancouver/2808-5665-boundary-road-vancouver-british-columbia/1735599673,Kijiji.ca,N/A,N/A,N/A,2026-06-07,2026-06-07,active,"5665 BOUNDARY ROAD, Vancouver, BC, V5R0E4",5665 BOUNDARY ROAD,Vancouver,Vancouver,BC,1900,1,1,N/A,N/A,N/A,"Ideally situated just a 2-minute walk (200 meters) from Joyce Station, commuting is effortless. The property is only a 9-minute drive to BCIT, 5 minutes to Metrotown, 10 minutes to Costco, 21 minutes ...",N/A,N/A,N/A,N/A,N/A,N/A,No,N/A,N/A,N/A,N/A,N/A,N/A,1735599673,1a4189c7e61724b46b0fcedc5ccc7214,N/A,N/A,N/A,N/A,N/A,N/A,1
"503 71 E PENDER STREET Vancouver, British Columbia",https://www.kijiji.ca/v-apartments-condos/vancouver/503-71-e-pender-street-vancouver-british-columbia/1737189047,Kijiji.ca,N/A,N/A,N/A,2026-06-07,2026-06-07,active,"71 E PENDER STREET, Vancouver, BC, V6A1S9",71 E PENDER STREET,Vancouver,Vancouver,BC,2980,2,1,N/A,N/A,N/A,"Welcome to EAST, an exclusive Boutique concrete complex located in historic Chinatown/Gastown, featuring modern living in a vibrant Downtown District. Spacious South facing 2 bedroom 1 bathroom with ...",N/A,N/A,N/A,N/A,N/A,N/A,No,N/A,N/A,N/A,N/A,N/A,N/A,1737189047,5bbe06fa237ce9dba04730aad9adf502,N/A,N/A,N/A,N/A,N/A,N/A,1
"5832 LAUREL STREET Vancouver, British Columbia",https://www.kijiji.ca/v-apartments-condos/vancouver/5832-laurel-street-vancouver-british-columbia/1737188917,Kijiji.ca,N/A,N/A,N/A,2026-06-07,2026-06-07,active,"LAUREL STREET, Vancouver, BC, V5Z3W3",LAUREL STREET,Vancouver,Vancouver,BC,2400,2,1,N/A,N/A,Basement Suite,"2-bedroom ground floor suite in a 1-year-new duplex building, located in the sought-after Oakridge neighborhood. Features include: All appliances and fixtures in excellent condition, Bright and ...",N/A,N/A,N/A,N/A,N/A,N/A,No,N/A,N/A,N/A,N/A,N/A,N/A,1737188917,1ed428c1d6b690e8bc081af6fe02b495,N/A,N/A,N/A,N/A,N/A,N/A,1
"47XX LITTLE ST VANCOUVER Vancouver, British Columbia",https://www.kijiji.ca/v-apartments-condos/vancouver/47xx-little-st-vancouver-vancouver-british-columbia/1732780311,Kijiji.ca,N/A,N/A,N/A,2026-06-07,2026-06-07,active,"LITTLE ST VANCOUVER, Vancouver, BC, V5X2C6",LITTLE ST VANCOUVER,Vancouver,Vancouver,BC,2600,3,1,N/A,N/A,Basement Suite,"This functional upstairs suite on Victoria Dr &amp; Kingsway offers a peaceful residential retreat with easy access to the city. The suite features 3 bedrooms, a private bathroom, and its own kitchen ...",N/A,N/A,N/A,N/A,N/A,N/A,No,N/A,N/A,N/A,N/A,N/A,N/A,1732780311,97ec9a53e02a4f7571550a03e16bfa97,N/A,N/A,N/A,N/A,N/A,N/A,1
Modern bachelor apartments at Yarrow and Aster East Village!,https://www.kijiji.ca/v-apartments-condos/vancouver/modern-bachelor-apartments-at-yarrow-and-aster-east-village/1726387902,Kijiji.ca,N/A,N/A,N/A,2026-06-07,2026-06-07,active,"435 Boundary Road, Vancouver, BC, V5K 0H6",435 Boundary Road,Vancouver,Vancouver,BC,1895,Studio/Bachelor,1,N/A,N/A,Apartment,Stylish Apartment Living at Yarrow &amp; Aster East VillageUp to Two Months Free Rent on Select Suites* Yarrow &amp; Aster East Village are located in the diverse community of Hastings-Sunrise of East ...,N/A,N/A,N/A,N/A,N/A,N/A,Yes,N/A,N/A,N/A,N/A,N/A,N/A,1726387902,f738419ef9a19322e420d11a49e7cb51,N/A,N/A,N/A,N/A,N/A,N/A,1
Urban 2 bedroom apartments at Yarrow and Aster East Village!,https://www.kijiji.ca/v-apartments-condos/vancouver/urban-2-bedroom-apartments-at-yarrow-and-aster-east-village/1717483488,Kijiji.ca,N/A,N/A,N/A,2026-06-07,2026-06-07,active,"435 Boundary Road, Vancouver, BC, V5K 0H6",435 Boundary Road,Vancouver,Vancouver,BC,2865,2,2,N/A,N/A,Apartment,Stylish Apartment Living at Yarrow &amp; Aster East Village Up to Two Months Free Rent on Select Suites!* Yarrow &amp; Aster East Village are located in the diverse community of Hastings-Sunrise of East ...,N/A,N/A,N/A,N/A,N/A,N/A,Yes,N/A,N/A,N/A,N/A,N/A,N/A,1717483488,357a3d092e7b706e2d845a81fcba46c7,N/A,N/A,N/A,N/A,N/A,N/A,1
Trendy 2 bedroom apartments at 388 Kaslo East Village!,https://www.kijiji.ca/v-apartments-condos/vancouver/trendy-2-bedroom-apartments-at-388-kaslo-east-village/1738540388,Kijiji.ca,N/A,N/A,N/A,2026-06-07,2026-06-07,active,"388 Kaslo Street, Vancouver, BC, V5K 0G6",388 Kaslo Street,Vancouver,Vancouver,BC,3275,2,2,N/A,N/A,Apartment,Stylish Living in East Village at Kaslo Apartments- Call Today! LIMITED TIME OFFER: $500 SECURITY DEPOSIT* 25% off TELUS OPTIK TV and INTERNET PRODUCTS MONTHLY* Kaslo Apartments in East Village ...,N/A,N/A,N/A,N/A,N/A,N/A,Yes,N/A,N/A,N/A,N/A,N/A,N/A,1738540388,dcf65681af76aab9730745c7d5f0eaef,N/A,N/A,N/A,N/A,N/A,N/A,1
1 bedroom suite in White Rock at Bayview Gardens,https://www.kijiji.ca/v-apartments-condos/vancouver/1-bedroom-suite-in-white-rock-at-bayview-gardens/1714267188,Kijiji.ca,N/A,N/A,N/A,2026-06-07,2026-06-07,active,"1371 Blackwood Street, White Rock, BC, V4B 3V2",1371 Blackwood Street,White Rock,Vancouver,BC,1955,1,1,N/A,N/A,Basement Suite,**Upgraded suites available which include high gloss white cabinetry and quartz countertops. In-suite laundry and hardwood flooring in select suites. Current incentives: $500 Security Deposit* $100 ...,N/A,N/A,N/A,N/A,N/A,N/A,Yes,N/A,N/A,N/A,N/A,N/A,N/A,1714267188,8092c87e17dd59792e16affd953ffca5,N/A,N/A,N/A,N/A,N/A,N/A,1
Urban 1 bedroom apartments at Yarrow and Aster East Village!,https://www.kijiji.ca/v-apartments-condos/vancouver/urban-1-bedroom-apartments-at-yarrow-and-aster-east-village/1717483487,Kijiji.ca,N/A,N/A,N/A,2026-06-07,2026-06-07,active,"435 Boundary Road, Vancouver, BC, V5K 0H6",435 Boundary Road,Vancouver,Vancouver,BC,2155,1,1,N/A,N/A,Apartment,Stylish Apartment Living at Yarrow &amp; Aster East Village! Up to Two Months Free Rent on Select Suites* Yarrow &amp; Aster East Village are located in the diverse community of Hastings-Sunrise of East ...,N/A,N/A,N/A,N/A,N/A,N/A,Yes,N/A,N/A,N/A,N/A,N/A,N/A,1717483487,c42dfe0ff4813d506c5e2b073868d4f1,N/A,N/A,N/A,N/A,N/A,N/A,1
Condo quality suites at Braemar Gardens Call for availability!,https://www.kijiji.ca/v-apartments-condos/vancouver/condo-quality-suites-at-braemar-gardens-call-for-availability/1733907277,Kijiji.ca,N/A,N/A,N/A,2026-06-07,2026-06-07,active,"1000 Brunette Avenue, Coquitlam, BC, V3K 1E3",1000 Brunette Avenue,Coquitlam,Vancouver,BC,1695,1,1,N/A,N/A,Apartment,FULLY RENOVATED CONDO QUALITY 1 BEDROOM APARTMENTS-CALL TODAY! Current Incentives: 1 Month FREE Rent (on a 13 month lease)* $500 Security Deposits* 25% off any Telus Optik TV and Internet Products ...,N/A,N/A,N/A,N/A,N/A,N/A,Yes,N/A,N/A,N/A,N/A,N/A,N/A,1733907277,a031cee49163fcce31feb991102f4916,N/A,N/A,N/A,N/A,N/A,N/A,1
Stylish 1 bedroom apartments at 388 Kaslo East Village!,https://www.kijiji.ca/v-apartments-condos/vancouver/stylish-1-bedroom-apartments-at-388-kaslo-east-village/1717483502,Kijiji.ca,N/A,N/A,N/A,2026-06-07,2026-06-07,active,"388 Kaslo Street, Vancouver, BC, V5K 0G6",388 Kaslo Street,Vancouver,Vancouver,BC,2505,1,1,N/A,N/A,Apartment,Stylish Living in East Village at Kaslo Apartments- Call Today! LIMITED TIME OFFER: $500 SECURITY DEPOSIT* 25% off TELUS OPTIK TV and INTERNET PRODUCTS MONTHLY* Kaslo Apartments in East Village ...,N/A,N/A,N/A,N/A,N/A,N/A,Yes,N/A,N/A,N/A,N/A,N/A,N/A,1717483502,b159c67caf88e4588bb09443e8606ed0,N/A,N/A,N/A,N/A,N/A,N/A,1
"Vancouver, Fully-Furnitured 2 bedroom + 2 baths suite, laneway",https://www.kijiji.ca/v-apartments-condos/vancouver/vancouver-fully-furnitured-2-bedroom-2-baths-suite-laneway/1738740706,Kijiji.ca,N/A,N/A,N/A,2026-06-07,2026-06-07,active,"Vancouver, BC V5M 1V6",Vancouver,BC V5M 1V6,Vancouver,BC,2580,2,2,685,N/A,House,"Laneway house to rent – 2 Bedrooms+2 Bathrooms -Bright and beautifully designed; -This newly refurbished, spacious 2 bedroom garden house is the perfect base for couples or small families looking to ...",N/A,N/A,N/A,N/A,N/A,N/A,No,N/A,N/A,N/A,N/A,N/A,N/A,1738740706,529da64da6b31b4c156dbcd650cee2f4,N/A,N/A,N/A,N/A,N/A,N/A,1
2bed/1bath for rent,https://www.kijiji.ca/v-apartments-condos/vancouver/2bed-1bath-for-rent/1738739994,Kijiji.ca,N/A,N/A,N/A,2026-06-07,2026-06-07,active,"Vancouver, BC V5R 5A5",Vancouver,BC V5R 5A5,Vancouver,BC,1850,2,1,1050,N/A,House,"Main floor in a renovated home, walking distance to Joyce skytrain station, coffee shops and restaurants. Available July 1st (or a few days earlier) $1,850 per month includes utilities and wifi. Can ...",N/A,N/A,N/A,N/A,N/A,N/A,No,N/A,N/A,N/A,N/A,N/A,N/A,1738739994,baab947606f43927e9972ec18e42a214,N/A,N/A,N/A,N/A,N/A,N/A,1
"1Brm +den apt with Patio, 6 appliances at Cambie-Broadway",https://www.kijiji.ca/v-apartments-condos/vancouver/1brm-den-apt-with-patio-6-appliances-at-cambie-broadway/1738737897,Kijiji.ca,N/A,N/A,N/A,2026-06-07,2026-06-07,active,"603 West 8th Avenue, Vancouver, BC",603 West 8th Avenue,Vancouver,Vancouver,BC,2495,1.5,1,650,N/A,N/A,"Prime Location — General Hospital Area Next to Downtown; one block from the Canada Line and on direct UBC bus routes. Steps from shopping, offices, banks, and minutes to Granville Island, parks, ...",N/A,N/A,N/A,N/A,N/A,N/A,No,N/A,N/A,N/A,N/A,N/A,N/A,1738737897,84a1538eb64b0f65fb4ffefb418895c2,N/A,N/A,N/A,N/A,N/A,N/A,1
One Bedroom Suite In Quiet Killarney Neighbourhood,https://www.kijiji.ca/v-apartments-condos/vancouver/one-bedroom-suite-in-quiet-killarney-neighbourhood/1738733127,Kijiji.ca,N/A,N/A,N/A,2026-06-07,2026-06-07,active,"Vancouver, BC V5S 2X2",Vancouver,BC V5S 2X2,Vancouver,BC,1500,1,1,500,N/A,Basement Suite,"One bedroom suite available in quiet Killarney neighbourhood. Includes Fridge, Stove, Washer &amp; Dryer. Includes Utilities. Ideal for a single person. This suite is close to Killarney Secondary School ...",N/A,N/A,N/A,N/A,N/A,N/A,No,N/A,N/A,N/A,N/A,N/A,N/A,1738733127,c179c324851f82a8d355994c72c85ee8,N/A,N/A,N/A,N/A,N/A,N/A,1
Large spacious private room by Langara College,https://www.kijiji.ca/v-apartments-condos/vancouver/large-spacious-private-room-by-langara-college/1738728911,Kijiji.ca,N/A,N/A,N/A,2026-06-07,2026-06-07,active,"Vancouver, BC V5X 1A2",Vancouver,BC V5X 1A2,Vancouver,BC,800,1,1,100,N/A,Basement Suite,"Available from June 24th This is a private room in a 3 bedroom suite with a shared bathroom, share laundry and kitchen on the ground floor. Looking for long term tenant. Min 12 month lease. It is ...",N/A,N/A,N/A,N/A,N/A,N/A,No,N/A,N/A,N/A,N/A,N/A,N/A,1738728911,d5c156098583f07048b32dbe3365abb1,N/A,N/A,N/A,N/A,N/A,N/A,1
1 Bedroom Apartment for Rent - 130 Keith Rd W,https://www.kijiji.ca/v-apartments-condos/vancouver/1-bedroom-apartment-for-rent-130-keith-rd-w/1738726232,Kijiji.ca,N/A,N/A,N/A,2026-06-07,2026-06-07,active,"130 Keith Rd W, North Vancouver, BC, V7M 1L5",130 Keith Rd W,North Vancouver,Vancouver,BC,2618,1,1,743,N/A,Apartment,"Lamplighter Apartments is a few blocks north of the Londsdale Quay in North Vancouver. Known as the historical waterfront neighbourhood of North Vancouver, the subject is a few minutes walk to a wide ...",N/A,N/A,N/A,N/A,N/A,N/A,No,N/A,N/A,N/A,N/A,N/A,N/A,1738726232,68fe19de543d9390c8851e8c1cfd118a,N/A,N/A,N/A,N/A,N/A,N/A,1
Master Bedroom with Private Bath - Available Now!,https://www.kijiji.ca/v-apartments-condos/vancouver/master-bedroom-with-private-bath-available-now/1738727411,Kijiji.ca,N/A,N/A,N/A,2026-06-07,2026-06-07,active,"Vancouver, BC V6B 6N6",Vancouver,BC V6B 6N6,Vancouver,BC,2000,4,2,1000,N/A,Apartment,Ready to move in today! Enjoy a spacious master bedroom with a private bath in a well-maintained shared apartment. Perfect for anyone looking for both privacy and community. Key Features: Private ...,N/A,N/A,N/A,N/A,N/A,N/A,No,N/A,N/A,N/A,N/A,N/A,N/A,1738727411,8cfbf804fd1f5ed7636b53afe1a68098,N/A,N/A,N/A,N/A,N/A,N/A,1
607-251 East 7th Avenue,https://www.kijiji.ca/v-apartments-condos/vancouver/607-251-east-7th-avenue/1738704712,Kijiji.ca,N/A,N/A,N/A,2026-06-07,2026-06-07,active,"251 East 7th Avenue, Vancouver, BC, V5T 0B9",251 East 7th Avenue,Vancouver,Vancouver,BC,2500,1,1,638,N/A,N/A,"607-251 East 7th Avenue Welcome to The District! The District is a modern 9-storey concrete building developed by Amacon, located at 250 East 6th Avenue &amp; 251 East 7th Avenue in Vancouver’s vibrant ...",N/A,N/A,N/A,N/A,N/A,N/A,No,N/A,N/A,N/A,N/A,N/A,N/A,1738704712,8cca843cf7170fe1c94cc263791cbffc,N/A,N/A,N/A,N/A,N/A,N/A,1
Private Residences At Hotel Georgia 1 BR APT Rental 1904-667 How,https://www.kijiji.ca/v-apartments-condos/vancouver/private-residences-at-hotel-georgia-1-br-apt-rental-1904-667-how/1738711398,Kijiji.ca,N/A,N/A,N/A,2026-06-07,2026-06-07,active,"667 Howe Street, Vancouver, BC, V6C 0B5",667 Howe Street,Vancouver,Vancouver,BC,3200,1,1,666,N/A,Apartment,Private Residences At Hotel Georgia 1 BR APT Rental 1904-667 Howe St Vancouver: VADA Welcome to the Private Residence at Hotel Georgia. This premium building offers superior quality from the entry ...,N/A,N/A,N/A,N/A,N/A,N/A,No,N/A,N/A,N/A,N/A,N/A,N/A,1738711398,95be09cdf2165e1f64dcd4bc9f334827,N/A,N/A,N/A,N/A,N/A,N/A,1
"4XXX-3A W 28 AVENUE Vancouver, British Columbia",https://www.kijiji.ca/v-apartments-condos/vancouver/4xxx-3a-w-28-avenue-vancouver-british-columbia/1738719111,Kijiji.ca,N/A,N/A,N/A,2026-06-07,2026-06-07,active,"W 28 AVENUE, Vancouver, BC, V6S1S7",W 28 AVENUE,Vancouver,Vancouver,BC,3800,3,2,N/A,N/A,House,Brand New 3-Bedroom Laneway House in Dunbar - Vancouver West Welcome to this brand-new upper-level laneway home located in the highly desirable Dunbar neighborhood of Vancouver West Vancouver. ...,N/A,N/A,N/A,N/A,N/A,N/A,No,N/A,N/A,N/A,N/A,N/A,N/A,1738719111,97e21c54e18aff29151961bf58154e46,N/A,N/A,N/A,N/A,N/A,N/A,1
"1702 777 RICHARDS STREET Vancouver, British Columbia",https://www.kijiji.ca/v-apartments-condos/vancouver/1702-777-richards-street-vancouver-british-columbia/1738717872,Kijiji.ca,N/A,N/A,N/A,2026-06-07,2026-06-07,active,"777 RICHARDS STREET, Vancouver, BC, V6B0M6",777 RICHARDS STREET,Vancouver,Vancouver,BC,2995,1,1,N/A,N/A,N/A,"All things you don&apos;t want to miss with this PRIVATE &amp; QUIET 1 BEDROOM + DEN:#1 LOCATION. shopping, entertainment, restaurants &amp; coffee shops close by, with easy access to Skytrain station within easy ...",N/A,N/A,N/A,N/A,N/A,N/A,No,N/A,N/A,N/A,N/A,N/A,N/A,1738717872,f6b464c943ac20336d20be26b863a8d4,N/A,N/A,N/A,N/A,N/A,N/A,1
"4XXX-3B W 28 AVENUE Vancouver, British Columbia",https://www.kijiji.ca/v-apartments-condos/vancouver/4xxx-3b-w-28-avenue-vancouver-british-columbia/1738719110,Kijiji.ca,N/A,N/A,N/A,2026-06-07,2026-06-07,active,"W 28 AVENUE, Vancouver, BC, V6S1S7",W 28 AVENUE,Vancouver,Vancouver,BC,2500,2,1,N/A,N/A,House,Brand New 2-Bedroom Laneway House in Dunbar - Vancouver West. Welcome to this brand-main floor laneway home located in the highly desirable Dunbar neighborhood of Vancouver West Vancouver. Offering ...,N/A,N/A,N/A,N/A,N/A,N/A,No,N/A,N/A,N/A,N/A,N/A,N/A,1738719110,f0ecc6145d2cbc3b260c4e68d06e175b,N/A,N/A,N/A,N/A,N/A,N/A,1
"8XX 1338 HOMER STREET Vancouver, British Columbia",https://www.kijiji.ca/v-apartments-condos/vancouver/8xx-1338-homer-street-vancouver-british-columbia/1738717715,Kijiji.ca,N/A,N/A,N/A,2026-06-07,2026-06-07,active,"1338 HOMER STREET, Vancouver, BC, V6B6A7",1338 HOMER STREET,Vancouver,Vancouver,BC,4300,2,2,N/A,N/A,Apartment,"Call or text Bria at 778-949-4499 to schedule a showing. Beautifully renovated 2 Bed + Den, 2 Bath condo at 1338 Homer Street in the heart of Yaletown. This bright 1,124 sq.ft. home offers ...",N/A,N/A,N/A,N/A,N/A,N/A,No,N/A,N/A,N/A,N/A,N/A,N/A,1738717715,5e5375eb9bf839bf5d45c7fc7b2187b8,N/A,N/A,N/A,N/A,N/A,N/A,1
"1602 668 CITADEL PARADE Vancouver, British Columbia",https://www.kijiji.ca/v-apartments-condos/vancouver/1602-668-citadel-parade-vancouver-british-columbia/1738709330,Kijiji.ca,N/A,N/A,N/A,2026-06-07,2026-06-07,active,"668 CITADEL PARADE, Vancouver, BC, V6B1W6",668 CITADEL PARADE,Vancouver,Vancouver,BC,3800,2,2,N/A,N/A,House,"Welcome to this spacious corner suite at Spectrum Tower 2 by Concord Pacific, situated in the heart of Downtown Vancouver. Featuring floor-to-ceiling windows throughout, this home is flooded with ...",N/A,N/A,N/A,N/A,N/A,N/A,No,N/A,N/A,N/A,N/A,N/A,N/A,1738709330,5a773eef1c00c15ab2363817b49b11c1,N/A,N/A,N/A,N/A,N/A,N/A,1
"2402 838 W HASTINGS STREET Vancouver, British Columbia",https://www.kijiji.ca/v-apartments-condos/vancouver/2402-838-w-hastings-street-vancouver-british-columbia/1738709004,Kijiji.ca,N/A,N/A,N/A,2026-06-07,2026-06-07,active,"838 W HASTINGS STREET, Vancouver, BC, V6C0A9",838 W HASTINGS STREET,Hastings,Vancouver,BC,4300,2,2,N/A,N/A,Apartment,"Luxury unfurnished 2 bedroom, 2 bathroom condo at Jameson House in Downtown Vancouver´s Financial District. This approx. 920 square ft home features an efficient layout with balcony, radiant heating, ...",N/A,N/A,N/A,N/A,N/A,N/A,No,N/A,N/A,N/A,N/A,N/A,N/A,1738709004,403482c5f4b53726b09cdeed06399555,N/A,N/A,N/A,N/A,N/A,N/A,1
"2175 E 54 AVENUE Vancouver, British Columbia",https://www.kijiji.ca/v-apartments-condos/vancouver/2175-e-54-avenue-vancouver-british-columbia/1738707555,Kijiji.ca,N/A,N/A,N/A,2026-06-07,2026-06-07,active,"E 54 AVENUE, Vancouver, BC, V5P1Y5",E 54 AVENUE,Vancouver,Vancouver,BC,3900,3,2,N/A,N/A,Apartment,"Newly renovated 3 bedroom upper level suite located near Victoria and 54th Ave East. (Address 3175 E54th Ave. when the Ad is active, the Unit is AVAILABLE no need to ask) Large and bright living ...",N/A,N/A,N/A,N/A,N/A,N/A,No,N/A,N/A,N/A,N/A,N/A,N/A,1738707555,ee5c6e43c44749459dba1b7e85190f49,N/A,N/A,N/A,N/A,N/A,N/A,1
"628X ELLIOTT ST Vancouver, British Columbia",https://www.kijiji.ca/v-apartments-condos/vancouver/628x-elliott-st-vancouver-british-columbia/1738706756,Kijiji.ca,N/A,N/A,N/A,2026-06-07,2026-06-07,active,"ELLIOTT ST, Vancouver, BC, V5S2M4",ELLIOTT ST,Vancouver,Vancouver,BC,600,1,1,N/A,N/A,House,"**Looking for female roommate** East Vancouver ground level of a house, private bedrooms available in a shared living space. Furnished with Bed, Desk and Dressers. Total of 4 private bedrooms sharing ...",N/A,N/A,N/A,N/A,N/A,N/A,No,N/A,N/A,N/A,N/A,N/A,N/A,1738706756,3236fa9fd3514611f9aae451f8c0b8c0,N/A,N/A,N/A,N/A,N/A,N/A,1
"3xxx 5470 ORMIDALE STREET Vancouver, British Columbia",https://www.kijiji.ca/v-apartments-condos/vancouver/3xxx-5470-ormidale-street-vancouver-british-columbia/1738704860,Kijiji.ca,N/A,N/A,N/A,2026-06-07,2026-06-07,active,"5470 ORMIDALE STREET, Vancouver, BC, V6R0G6",5470 ORMIDALE STREET,Vancouver,Vancouver,BC,2100,1,1,N/A,N/A,Apartment,"Functional 1-bedroom, 1-bathroom condo with a flex room and den on the 31st floor of Wall Centre Central Park. This bright and modern unit features an open-concept layout with floor-to-ceiling ...",N/A,N/A,N/A,N/A,N/A,N/A,No,N/A,N/A,N/A,N/A,N/A,N/A,1738704860,1bd2bb9c8903467108731fb19c3d0841,N/A,N/A,N/A,N/A,N/A,N/A,1
Rosedale Gardens 1 BR APT Rental 203-888 Hamilton St Vancouver: ,https://www.kijiji.ca/v-apartments-condos/vancouver/rosedale-gardens-1-br-apt-rental-203-888-hamilton-st-vancouver:/1738354831,Kijiji.ca,N/A,N/A,N/A,2026-06-07,2026-06-07,active,"888 Hamilton Street, Vancouver, BC, V6B 5W4",888 Hamilton Street,Vancouver,Vancouver,BC,2950,1,1,821,N/A,Apartment,"Rosedale Gardens 1 BR APT Rental 203-888 Hamilton St Vancouver: VADA This one bedroom apartment at Rosedale Gardens has a huge private patio with lots of sun, expanding your living space and allowing ...",N/A,N/A,N/A,N/A,N/A,N/A,Yes,N/A,N/A,N/A,N/A,N/A,N/A,1738354831,bab76ab512bd5541966acf1b89374747,N/A,N/A,N/A,N/A,N/A,N/A,1
Brava Studio Rental 1507-1155 Seymour St Vancouver: VADA,https://www.kijiji.ca/v-apartments-condos/vancouver/brava-studio-rental-1507-1155-seymour-st-vancouver:-vada/1735405616,Kijiji.ca,N/A,N/A,N/A,2026-06-07,2026-06-07,active,"1155 Seymour Street, Vancouver, BC, V6B 1K2",1155 Seymour Street,Vancouver,Vancouver,BC,2100,Studio/Bachelor,1,485,N/A,Studio,Brava Studio Rental 1507-1155 Seymour St Vancouver: VADA This city view studio rental at Brava is neatly appointed with a built-in Murphy bed to optimize space. This building is in walking distance ...,N/A,N/A,N/A,N/A,N/A,N/A,Yes,N/A,N/A,N/A,N/A,N/A,N/A,1735405616,ef295e3310b1ccf5edfa1bf7c6da4c60,N/A,N/A,N/A,N/A,N/A,N/A,1
Live in the Heart of Kitsilano,https://www.kijiji.ca/v-apartments-condos/vancouver/live-in-the-heart-of-kitsilano/1734736298,Kijiji.ca,N/A,N/A,N/A,2026-06-07,2026-06-07,active,"2341 York Avenue, Vancouver, BC, V6K 1C8",2341 York Avenue,Vancouver,Vancouver,BC,1395,Studio/Bachelor,1,133,N/A,Studio,"Live in the Heart of Kitsilano Located in the heart of Kitsilano, this fully renovated building offers unbeatable access to Vancouver’s west side lifestyle. Just steps from Kits Beach and Pool, and ...",N/A,N/A,N/A,N/A,N/A,N/A,No,N/A,N/A,N/A,N/A,N/A,N/A,1734736298,aa8c27dad2fbbf61cd55628ae0461b5f,N/A,N/A,N/A,N/A,N/A,N/A,1
Live in the Heart of Kitsilano,https://www.kijiji.ca/v-apartments-condos/vancouver/live-in-the-heart-of-kitsilano/1734736289,Kijiji.ca,N/A,N/A,N/A,2026-06-07,2026-06-07,active,"2341 York Avenue, Vancouver, BC, V6K 1C8",2341 York Avenue,Vancouver,Vancouver,BC,1375,Studio/Bachelor,1,257,N/A,Studio,"Live in the Heart of Kitsilano Located in the heart of Kitsilano, this fully renovated building offers unbeatable access to Vancouver’s west side lifestyle. Just steps from Kits Beach and Pool, and ...",N/A,N/A,N/A,N/A,N/A,N/A,No,N/A,N/A,N/A,N/A,N/A,N/A,1734736289,a297aa7431da632e1864f5128e63502c,N/A,N/A,N/A,N/A,N/A,N/A,1
Live in the Heart of Kitsilano,https://www.kijiji.ca/v-apartments-condos/vancouver/live-in-the-heart-of-kitsilano/1734735741,Kijiji.ca,N/A,N/A,N/A,2026-06-07,2026-06-07,active,"2341 York Avenue, Vancouver, BC, V6K 1C8",2341 York Avenue,Vancouver,Vancouver,BC,1495,Studio/Bachelor,1,115,N/A,Studio,"Live in the Heart of Kitsilano Located in the heart of Kitsilano, this fully renovated building offers unbeatable access to Vancouver’s west side lifestyle. Just steps from Kits Beach and Pool, and ...",N/A,N/A,N/A,N/A,N/A,N/A,No,N/A,N/A,N/A,N/A,N/A,N/A,1734735741,9bdf23d6055b44431fb9965211f51d9b,N/A,N/A,N/A,N/A,N/A,N/A,1
Townhouse *Special Offer Available*,https://www.kijiji.ca/v-apartments-condos/vancouver/townhouse-special-offer-available/1734735257,Kijiji.ca,N/A,N/A,N/A,2026-06-07,2026-06-07,active,"2139 Lahb Ave., Vancouver, BC, V6J 4R1",2139 Lahb Ave.,Vancouver,Vancouver,BC,5390,2.5,2.5,1340,N/A,House,"Townhouse *Special Offer Available* Spring Move-in Special Up to 3 Months Free Rent on Select Suites Sign new lease by June 30, 2026 to unlock these savings* *Limited time offer. Subject to specific ...",N/A,N/A,N/A,N/A,N/A,N/A,Yes,N/A,N/A,N/A,N/A,N/A,N/A,1734735257,bf15cd4a1bb3f99d0486d73ede74a331,N/A,N/A,N/A,N/A,N/A,N/A,1
Studio - Special Offer Available,https://www.kijiji.ca/v-apartments-condos/vancouver/studio-special-offer-available/1734735255,Kijiji.ca,N/A,N/A,N/A,2026-06-07,2026-06-07,active,"2139 Lahb Ave., Vancouver, BC, V6J 4R1",2139 Lahb Ave.,Vancouver,Vancouver,BC,2600,Studio/Bachelor,1,455,N/A,Basement Suite,"Studio - Special Offer Available Spring Move-in Special Up to 3 Months Free Rent on Select Suites Sign new lease by June 30, 2026 to unlock these savings* *Limited time offer. Subject to specific ...",N/A,N/A,N/A,N/A,N/A,N/A,Yes,N/A,N/A,N/A,N/A,N/A,N/A,1734735255,7b7d547e6fefef2d36caf1f2578a007b,N/A,N/A,N/A,N/A,N/A,N/A,1
2 BR Basement Suite Rental 2-4841 Dumfries St Vancouver: VADA,https://www.kijiji.ca/v-apartments-condos/vancouver/2-br-basement-suite-rental-2-4841-dumfries-st-vancouver:-vada/1737977797,Kijiji.ca,N/A,N/A,N/A,2026-06-07,2026-06-07,active,"4841 Dumfries Street, Vancouver, BC, V5N 3T8",4841 Dumfries Street,Vancouver,Vancouver,BC,2250,2,2,927,N/A,Basement Suite,"2 BR Basement Suite Rental 2-4841 Dumfries St Vancouver: VADA Located in the heart of the Kensington-Cedar Cottage, this unfurnished basement suite offers a spacious and functional layout ideal for a ...",N/A,N/A,N/A,N/A,N/A,N/A,No,N/A,N/A,N/A,N/A,N/A,N/A,1737977797,222ee9012000b1e2214bb4d0de17fc07,N/A,N/A,N/A,N/A,N/A,N/A,1
Spacious 1bd/1ba at Broadway &amp; Alma,https://www.kijiji.ca/v-apartments-condos/vancouver/spacious-1bd-1ba-at-broadway-alma/1734736082,Kijiji.ca,N/A,N/A,N/A,2026-06-07,2026-06-07,active,"3575 West Broadway, Vancouver, BC, V6R 1Y7",3575 West Broadway,Vancouver,Vancouver,BC,2450,1,1,660,N/A,N/A,Spacious 1bd/1ba at Broadway &amp; Alma POINT GREY MANOR | 3525 &amp; 3575 WEST BROADWAY Point Grey Manor enjoys a convenient location near the intersection of West Broadway and Alma Street. This ...,N/A,N/A,N/A,N/A,N/A,N/A,No,N/A,N/A,N/A,N/A,N/A,N/A,1734736082,79e285d83adcc12514e4168b32e23d88,N/A,N/A,N/A,N/A,N/A,N/A,1
2.5 BR *Special Offer Available*,https://www.kijiji.ca/v-apartments-condos/vancouver/2-5-br-special-offer-available/1734735150,Kijiji.ca,N/A,N/A,N/A,2026-06-07,2026-06-07,active,"2139 Lahb Ave., Vancouver, BC, V6J 4R1",2139 Lahb Ave.,Vancouver,Vancouver,BC,4250,2.5,2,1070,N/A,Basement Suite,"2.5 BR *Special Offer Available* Spring Move-in Special Up to 3 Months Free Rent on Select Suites Sign new lease by June 30, 2026 to unlock these savings* *Limited time offer. Subject to specific ...",N/A,N/A,N/A,N/A,N/A,N/A,Yes,N/A,N/A,N/A,N/A,N/A,N/A,1734735150,ce59a0c423b5a55f83f243c290992bdb,N/A,N/A,N/A,N/A,N/A,N/A,1
1.5BR *Special Offer Available*,https://www.kijiji.ca/v-apartments-condos/vancouver/1-5br-special-offer-available/1734735252,Kijiji.ca,N/A,N/A,N/A,2026-06-07,2026-06-07,active,"2139 Lahb Ave., Vancouver, BC, V6J 4R1",2139 Lahb Ave.,Vancouver,Vancouver,BC,3495,1.5,1,835,N/A,Basement Suite,"1.5BR *Special Offer Available* Spring Move-in Special Up to 3 Months Free Rent on Select Suites Sign new lease by June 30, 2026 to unlock these savings* *Limited time offer. Subject to specific ...",N/A,N/A,N/A,N/A,N/A,N/A,Yes,N/A,N/A,N/A,N/A,N/A,N/A,1734735252,92e1d58ff99c84c68528f9591d2e8451,N/A,N/A,N/A,N/A,N/A,N/A,1
3.5BR *Special Offer Available*,https://www.kijiji.ca/v-apartments-condos/vancouver/3-5br-special-offer-available/1734735253,Kijiji.ca,N/A,N/A,N/A,2026-06-07,2026-06-07,active,"2139 Lahb Ave., Vancouver, BC, V6J 4R1",2139 Lahb Ave.,Vancouver,Vancouver,BC,5070,3.5,2,1290,N/A,Basement Suite,"3.5BR *Special Offer Available* Spring Move-in Special Up to 3 Months Free Rent on Select Suites Sign new lease by June 30, 2026 to unlock these savings* *Limited time offer. Subject to specific ...",N/A,N/A,N/A,N/A,N/A,N/A,Yes,N/A,N/A,N/A,N/A,N/A,N/A,1734735253,c373bbcd400c89e56cdf249d1ad59fe4,N/A,N/A,N/A,N/A,N/A,N/A,1
3 Bedroom Special Offer,https://www.kijiji.ca/v-apartments-condos/vancouver/3-bedroom-special-offer/1734735264,Kijiji.ca,N/A,N/A,N/A,2026-06-07,2026-06-07,active,"5455 Balsam Street, Vancouver, BC, V6M 4B3",5455 Balsam Street,Vancouver,Vancouver,BC,5100,3,2,1403,N/A,Basement Suite,"3 Bedroom Special Offer Spring Move-in Special Up to 3 Months Free Rent on Select Suites Sign new lease by June 30, 2026 to unlock these savings* *Limited time offer. Subject to specific terms and ...",N/A,N/A,N/A,N/A,N/A,N/A,Yes,N/A,N/A,N/A,N/A,N/A,N/A,1734735264,092aa6f658ab229a7541617be92a1a9b,N/A,N/A,N/A,N/A,N/A,N/A,1
*Special Offer Available* Spacious 2-BR in Kerrisdale,https://www.kijiji.ca/v-apartments-condos/vancouver/special-offer-available-spacious-2-br-in-kerrisdale/1734735162,Kijiji.ca,N/A,N/A,N/A,2026-06-07,2026-06-07,active,"5455 Balsam Street, Vancouver, BC, V6M 4B3",5455 Balsam Street,Vancouver,Vancouver,BC,4050,2,2,1080,N/A,Basement Suite,"*Special Offer Available* Spacious 2-BR in Kerrisdale Spring Move-in Special Up to 3 Months Free Rent on Select Suites Sign new lease by June 30, 2026 to unlock these savings* *Limited time offer. ...",N/A,N/A,N/A,N/A,N/A,N/A,Yes,N/A,N/A,N/A,N/A,N/A,N/A,1734735162,f06f44dcb07604ac3b8a94dc5b97c901,N/A,N/A,N/A,N/A,N/A,N/A,1
*Special Offer Available* Upgraded 1-BR in Kerrisdale,https://www.kijiji.ca/v-apartments-condos/vancouver/special-offer-available-upgraded-1-br-in-kerrisdale/1734735276,Kijiji.ca,N/A,N/A,N/A,2026-06-07,2026-06-07,active,"5455 Balsam Street, Vancouver, BC, V6M 4B3",5455 Balsam Street,Vancouver,Vancouver,BC,2760,1,1,843,N/A,Basement Suite,"*Special Offer Available* Upgraded 1-BR in Kerrisdale Spring Move-in Special Up to 3 Months Free Rent on Select Suites Sign new lease by June 30, 2026 to unlock these savings* *Limited time offer. ...",N/A,N/A,N/A,N/A,N/A,N/A,Yes,N/A,N/A,N/A,N/A,N/A,N/A,1734735276,58f858448a7b7f376d089ef9fa6a73b4,N/A,N/A,N/A,N/A,N/A,N/A,1
1 Bedroom Loft Apartment,https://www.kijiji.ca/v-apartments-condos/vancouver/1-bedroom-loft-apartment/1734735370,Kijiji.ca,N/A,N/A,N/A,2026-06-07,2026-06-07,active,"951 Charland Avenue, Coquitlam, BC, V3K 3K7",951 Charland Avenue,Coquitlam,Vancouver,BC,1850,1,1,533,N/A,Apartment,1 Bedroom Loft Apartment Residences at The Heights is a modern purpose built market rental building in the Austin Heights area of Coquitlam completed in 2020. This spectacular property has been ...,N/A,N/A,N/A,N/A,N/A,N/A,No,N/A,N/A,N/A,N/A,N/A,N/A,1734735370,4611d0c76072de934d5c54cb1994ac27,N/A,N/A,N/A,N/A,N/A,N/A,1
607-168 Powell Street,https://www.kijiji.ca/v-apartments-condos/vancouver/607-168-powell-street/1737240145,Kijiji.ca,N/A,N/A,N/A,2026-06-07,2026-06-07,active,"168 Powell Street, Vancouver, BC, V6A 0B2",168 Powell Street,Vancouver,Vancouver,BC,2200,1,1,625,N/A,N/A,"607-168 Powell Street Welcome to Smart! Located at 168 Powell Street in Vancouver’s historic Gastown, Smart is a contemporary 9-storey residence developed by Concord Pacific and completed in 2009. ...",N/A,N/A,N/A,N/A,N/A,N/A,No,N/A,N/A,N/A,N/A,N/A,N/A,1737240145,41745f4b9d2f0eacf79033be95ac08de,N/A,N/A,N/A,N/A,N/A,N/A,1
Nova 2 BR APT Rental 2103-989 Beatty St Vancouver: VADA,https://www.kijiji.ca/v-apartments-condos/vancouver/nova-2-br-apt-rental-2103-989-beatty-st-vancouver:-vada/1737977802,Kijiji.ca,N/A,N/A,N/A,2026-06-07,2026-06-07,active,"989 Beatty Street, Vancouver, BC, V6Z 3C5",989 Beatty Street,Vancouver,Vancouver,BC,4100,2,2,1285,N/A,Apartment,Nova 2 BR APT Rental 2103-989 Beatty St Vancouver: VADA This spacious two bedroom apartment rental is located in Bosa&apos;s premium Nova building! This beautiful 2 bedroom rental features sweeping views ...,N/A,N/A,N/A,N/A,N/A,N/A,No,N/A,N/A,N/A,N/A,N/A,N/A,1737977802,4cf6d5e4c2d14103498298a2e5f6726a,N/A,N/A,N/A,N/A,N/A,N/A,1
Woodwards 1 BR APT Rental 2102-108 West Cordova St Vancouver: VA,https://www.kijiji.ca/v-apartments-condos/vancouver/woodwards-1-br-apt-rental-2102-108-west-cordova-st-vancouver:-va/1737977800,Kijiji.ca,N/A,N/A,N/A,2026-06-07,2026-06-07,active,"108 West Cordova Street, Vancouver, BC, V6B 0G6",108 West Cordova Street,Vancouver,Vancouver,BC,2350,1,1,630,N/A,Apartment,"Woodwards 1 BR APT Rental 2102-108 West Cordova St Vancouver: VADA Welcome home to Woodward’s W32, a landmark heritage redevelopment in the heart of Gastown, where modern design pays homage to the ...",N/A,N/A,N/A,N/A,N/A,N/A,No,N/A,N/A,N/A,N/A,N/A,N/A,1737977800,d3f34458ca78dc1f0a6f745d72e1cc89,N/A,N/A,N/A,N/A,N/A,N/A,1
Gertie&apos;s House,https://www.kijiji.ca/v-apartments-condos/vancouver/gerties-house/1734735417,Kijiji.ca,N/A,N/A,N/A,2026-06-07,2026-06-07,active,"1539 Comox Street, Vancouver, BC, V6G 1P3",1539 Comox Street,Vancouver,Vancouver,BC,2350,2,1,500,N/A,Apartment,"Gertie&apos;s House Location: The West End is a vibrant and thriving community. Adjacent to downtown Vancouver these homes are on quiet tree lined streets, schools only a few steps away, transit and parks ...",N/A,N/A,N/A,N/A,N/A,N/A,No,N/A,N/A,N/A,N/A,N/A,N/A,1734735417,ad85f42db268fa7a5e949c6e2c83d4c3,N/A,N/A,N/A,N/A,N/A,N/A,1
Gertie&apos;s House,https://www.kijiji.ca/v-apartments-condos/vancouver/gerties-house/1734735266,Kijiji.ca,N/A,N/A,N/A,2026-06-07,2026-06-07,active,"1539 Comox Street, Vancouver, BC, V6G 1P3",1539 Comox Street,Vancouver,Vancouver,BC,2325,2,1,500,N/A,Apartment,"Gertie&apos;s House Location: The West End is a vibrant and thriving community. Adjacent to downtown Vancouver these homes are on quiet tree lined streets, schools only a few steps away, transit and parks ...",N/A,N/A,N/A,N/A,N/A,N/A,No,N/A,N/A,N/A,N/A,N/A,N/A,1734735266,83e2b2abe7c6b582da8bf5fbf9c465d4,N/A,N/A,N/A,N/A,N/A,N/A,1
*Special Offer Available* Beautiful 2-BR Home in North Vancouver,https://www.kijiji.ca/v-apartments-condos/vancouver/special-offer-available-beautiful-2-br-home-in-north-vancouver/1734735433,Kijiji.ca,N/A,N/A,N/A,2026-06-07,2026-06-07,active,"1711 Lions Gate Lane, North Vancouver, BC, V7P 0E3",1711 Lions Gate Lane,North Vancouver,Vancouver,BC,3600,2,2,810,N/A,House,"*Special Offer Available* Beautiful 2-BR Home in North Vancouver! Spring Move-in Special Up to 3 Months Free Rent on Select Suites Sign new lease by June 30, 2026 to unlock these savings* *Limited ...",N/A,N/A,N/A,N/A,N/A,N/A,Yes,N/A,N/A,N/A,N/A,N/A,N/A,1734735433,2e6719e25eef4c9845cecfb9328f23f0,N/A,N/A,N/A,N/A,N/A,N/A,1
*Special Offer Available* Roomy Studio in North Vancouver!,https://www.kijiji.ca/v-apartments-condos/vancouver/special-offer-available-roomy-studio-in-north-vancouver/1734735435,Kijiji.ca,N/A,N/A,N/A,2026-06-07,2026-06-07,active,"1711 Lions Gate Lane, North Vancouver, BC, V7P 0E3",1711 Lions Gate Lane,North Vancouver,Vancouver,BC,2505,Studio/Bachelor,1,501,N/A,Basement Suite,"*Special Offer Available* Roomy Studio in North Vancouver! Spring Move-in Special Up to 3 Months Free Rent on Select Suites Sign new lease by June 30, 2026 to unlock these savings* *Limited time ...",N/A,N/A,N/A,N/A,N/A,N/A,Yes,N/A,N/A,N/A,N/A,N/A,N/A,1734735435,ad448750adf245e88be5527b344a965f,N/A,N/A,N/A,N/A,N/A,N/A,1
*Special Offer Available* 2-BR Townhome in North Van,https://www.kijiji.ca/v-apartments-condos/vancouver/special-offer-available-2-br-townhome-in-north-van/1734735415,Kijiji.ca,N/A,N/A,N/A,2026-06-07,2026-06-07,active,"1711 Lions Gate Lane, North Vancouver, BC, V7P 0E3",1711 Lions Gate Lane,North Vancouver,Vancouver,BC,4320,2,2.5,982,N/A,House,"*Special Offer Available* 2-BR Townhome in North Van Spring Move-in Special Up to 3 Months Free Rent on Select Suites Sign new lease by June 30, 2026 to unlock these savings* *Limited time offer. ...",N/A,N/A,N/A,N/A,N/A,N/A,Yes,N/A,N/A,N/A,N/A,N/A,N/A,1734735415,d85bb72f107d02927d686ddd86d198ad,N/A,N/A,N/A,N/A,N/A,N/A,1
*Special Offer Available* 1-BR Home in North Van,https://www.kijiji.ca/v-apartments-condos/vancouver/special-offer-available-1-br-home-in-north-van/1734735263,Kijiji.ca,N/A,N/A,N/A,2026-06-07,2026-06-07,active,"1711 Lions Gate Lane, North Vancouver, BC, V7P 0E3",1711 Lions Gate Lane,North Vancouver,Vancouver,BC,2725,1,1,556,N/A,House,"*Special Offer Available* 1-BR Home in North Van Spring Move-in Special Up to 3 Months Free Rent on Select Suites Sign new lease by June 30, 2026 to unlock these savings* *Limited time offer. Subject ...",N/A,N/A,N/A,N/A,N/A,N/A,Yes,N/A,N/A,N/A,N/A,N/A,N/A,1734735263,de3c37e344f73f2620094e999d4cef11,N/A,N/A,N/A,N/A,N/A,N/A,1
*Special Offer Available* 2 Bed + Den Home in North Van,https://www.kijiji.ca/v-apartments-condos/vancouver/special-offer-available-2-bed-den-home-in-north-van/1734735412,Kijiji.ca,N/A,N/A,N/A,2026-06-07,2026-06-07,active,"1711 Lions Gate Lane, North Vancouver, BC, V7P 0E3",1711 Lions Gate Lane,North Vancouver,Vancouver,BC,3890,2.5,2,906,N/A,House,"*Special Offer Available* 2 Bed + Den Home in North Van Spring Move-in Special Up to 3 Months Free Rent on Select Suites Sign new lease by June 30, 2026 to unlock these savings* *Limited time offer. ...",N/A,N/A,N/A,N/A,N/A,N/A,Yes,N/A,N/A,N/A,N/A,N/A,N/A,1734735412,9938ff0096987dcbe6532917698c07f8,N/A,N/A,N/A,N/A,N/A,N/A,1
1504-928 Homer Street,https://www.kijiji.ca/v-apartments-condos/vancouver/1504-928-homer-street/1734736359,Kijiji.ca,N/A,N/A,N/A,2026-06-07,2026-06-07,active,"928 Homer Street, Vancouver, BC, V6B 1T7",928 Homer Street,Vancouver,Vancouver,BC,2450,1,1,557,N/A,House,"1504-928 Homer Street Welcome to Yaletown Park! Located at 928 Homer Street, 909 Mainland Street, and 977 Mainland Street in Vancouver’s vibrant Yaletown, Yaletown Park is a trio of stylish high-rise ...",N/A,N/A,N/A,N/A,N/A,N/A,No,N/A,N/A,N/A,N/A,N/A,N/A,1734736359,b2c805783d79dfe83ed59c6ea2e5283d,N/A,N/A,N/A,N/A,N/A,N/A,1
Renovated 1br/1ba in Kitsilano,https://www.kijiji.ca/v-apartments-condos/vancouver/renovated-1br-1ba-in-kitsilano/1734736069,Kijiji.ca,N/A,N/A,N/A,2026-06-07,2026-06-07,active,"2425 West 4th Avenue, Vancouver, BC, V6K 1P4",2425 West 4th Avenue,Vancouver,Vancouver,BC,2500,1,1,638,N/A,Apartment,"Renovated 1br/1ba in Kitsilano KITS COURT APARTMENTS | 2425 &amp; 2475 WEST 4TH AVENUE Kits Court sits along West 4th Avenue in Vancouver’s vibrant Westside. Surrounded by cafés, restaurants, local ...",N/A,N/A,N/A,N/A,N/A,N/A,No,N/A,N/A,N/A,N/A,N/A,N/A,1734736069,b668f142bac89984d4bc1c4fbf685584,N/A,N/A,N/A,N/A,N/A,N/A,1
South Vancouver 3 BR Garden Suite Rental 2-1920 Nassau Dr Vancou,https://www.kijiji.ca/v-apartments-condos/vancouver/south-vancouver-3-br-garden-suite-rental-2-1920-nassau-dr-vancou/1737977795,Kijiji.ca,N/A,N/A,N/A,2026-06-07,2026-06-07,active,"1920 Nassau Drive, Vancouver, BC, V5P 2B6",1920 Nassau Drive,Vancouver,Vancouver,BC,2375,3,1,1200,N/A,Basement Suite,"South Vancouver 3 BR Garden Suite Rental 2-1920 Nassau Dr Vancouver: VADA This bright, recently renovated 3-bedroom plus den garden-level suite in South Vancouver offers 1,200 sq. ft. of comfortable, ...",N/A,N/A,N/A,N/A,N/A,N/A,No,N/A,N/A,N/A,N/A,N/A,N/A,1737977795,3111280f0a32f66c0847b78821e6314a,N/A,N/A,N/A,N/A,N/A,N/A,1
Waldorf Studios,https://www.kijiji.ca/v-apartments-condos/vancouver/waldorf-studios/1734736283,Kijiji.ca,N/A,N/A,N/A,2026-06-07,2026-06-07,active,"116 West Hastings Street, Vancouver, BC, V6B 1G8",116 West Hastings Street,Hastings,Vancouver,BC,1685,Studio/Bachelor,1,351,N/A,Apartment,"Waldorf Studios Come and experience the newly renovated, modern, Waldorf Studio Apartments! Available to rent in the Crosstown / Gastown area. These are not your standard Studio units. The Building: ...",N/A,N/A,N/A,N/A,N/A,N/A,No,N/A,N/A,N/A,N/A,N/A,N/A,1734736283,32ecdc9cb0129f0759f2d9784477f2ca,N/A,N/A,N/A,N/A,N/A,N/A,1
1806-583 Beach Crescent,https://www.kijiji.ca/v-apartments-condos/vancouver/1806-583-beach-crescent/1738347887,Kijiji.ca,N/A,N/A,N/A,2026-06-07,2026-06-07,active,"583 Beach Crescent, Vancouver, BC, V6Z 3E6",583 Beach Crescent,Vancouver,Vancouver,BC,3700,2,2,1055,N/A,N/A,"1806-583 Beach Crescent Welcome to Park West 2! Located at 583 Beach Crescent in Vancouver’s vibrant Yaletown neighbourhood, Park West 2 is a 36-storey concrete high-rise developed by Concord Pacific ...",N/A,N/A,N/A,N/A,N/A,N/A,No,N/A,N/A,N/A,N/A,N/A,N/A,1738347887,712acdd8b309103959c762822c3b1899,N/A,N/A,N/A,N/A,N/A,N/A,1
Addition Living 1 BR APT Rental 1503-1133 Hornby St Vancouver: V,https://www.kijiji.ca/v-apartments-condos/vancouver/addition-living-1-br-apt-rental-1503-1133-hornby-st-vancouver:-v/1737977798,Kijiji.ca,N/A,N/A,N/A,2026-06-07,2026-06-07,active,"1133 Hornby Street, Vancouver, BC, V6Z 1W1",1133 Hornby Street,Vancouver,Vancouver,BC,2100,1,1,500,N/A,Apartment,"Addition Living 1 BR APT Rental 1503-1133 Hornby St Vancouver: VADA This is a junior 1 bedroom and den apartment rental with 1 parking stall, and 1 storage locker at Addition in Yaletown. Designed ...",N/A,N/A,N/A,N/A,N/A,N/A,Yes,N/A,N/A,N/A,N/A,N/A,N/A,1737977798,89673f9ec0ce754ba302215e3ef5c7a5,N/A,N/A,N/A,N/A,N/A,N/A,1
Furnished 2bd/2ba at UBC,https://www.kijiji.ca/v-apartments-condos/vancouver/furnished-2bd-2ba-at-ubc/1734736052,Kijiji.ca,N/A,N/A,N/A,2026-06-07,2026-06-07,active,"6005 Walter Gage Road, Vancouver, BC, V6T 2E8",6005 Walter Gage Road,Vancouver,Vancouver,BC,4590,2,2,713,N/A,N/A,"Furnished 2bd/2ba at UBC WESTPOINT | 6005 WALTER GAGE ROAD Set on the prestigious University of British Columbia (UBC) campus, Westpoint places you in a unique setting where natural surroundings meet ...",N/A,N/A,N/A,N/A,N/A,N/A,No,N/A,N/A,N/A,N/A,N/A,N/A,1734736052,ecc229fd4ebe4bf91982a11e73a3668c,N/A,N/A,N/A,N/A,N/A,N/A,1
Furnished 2bd/2ba at UBC,https://www.kijiji.ca/v-apartments-condos/vancouver/furnished-2bd-2ba-at-ubc/1734735593,Kijiji.ca,N/A,N/A,N/A,2026-06-07,2026-06-07,active,"6005 Walter Gage Road, Vancouver, BC, V6T 2E8",6005 Walter Gage Road,Vancouver,Vancouver,BC,4900,2,2,808,N/A,N/A,"Furnished 2bd/2ba at UBC WESTPOINT | 6005 WALTER GAGE ROAD Set on the prestigious University of British Columbia (UBC) campus, Westpoint places you in a unique setting where natural surroundings meet ...",N/A,N/A,N/A,N/A,N/A,N/A,No,N/A,N/A,N/A,N/A,N/A,N/A,1734735593,9295a13f4004f7e85698fc6e6d578491,N/A,N/A,N/A,N/A,N/A,N/A,1
Very large live/work studio in artist building,https://www.kijiji.ca/v-apartments-condos/vancouver/very-large-live-work-studio-in-artist-building/1734735865,Kijiji.ca,N/A,N/A,N/A,2026-06-07,2026-06-07,active,"321 Railway Street, Vancouver, BC, V6A 1A4",321 Railway Street,Vancouver,Vancouver,BC,2250,Studio/Bachelor,1,820,N/A,Apartment,Very large live/work studio in artist building Live/work unit suitable for artists. Heat and hot water are included in the rent,N/A,N/A,N/A,N/A,N/A,N/A,Yes,N/A,N/A,N/A,N/A,N/A,N/A,1734735865,05ac2af8674ef02bb8cea4b846f2ff1c,N/A,N/A,N/A,N/A,N/A,N/A,1
Furnished 1bd/1ba at UBC,https://www.kijiji.ca/v-apartments-condos/vancouver/furnished-1bd-1ba-at-ubc/1734736056,Kijiji.ca,N/A,N/A,N/A,2026-06-07,2026-06-07,active,"6005 Walter Gage Road, Vancouver, BC, V6T 2E8",6005 Walter Gage Road,Vancouver,Vancouver,BC,2600,1,1,374,N/A,N/A,"Furnished 1bd/1ba at UBC WESTPOINT | 6005 WALTER GAGE ROAD Set on the prestigious University of British Columbia (UBC) campus, Westpoint places you in a unique setting where natural surroundings meet ...",N/A,N/A,N/A,N/A,N/A,N/A,No,N/A,N/A,N/A,N/A,N/A,N/A,1734736056,afb80769fbec9f20e3ee84779ef66087,N/A,N/A,N/A,N/A,N/A,N/A,1
Erickson Tower 1 Bedroom Apartment Rental 1605-9541 Erickson Dri,https://www.kijiji.ca/v-apartments-condos/vancouver/erickson-tower-1-bedroom-apartment-rental-1605-9541-erickson-dri/1734736154,Kijiji.ca,N/A,N/A,N/A,2026-06-07,2026-06-07,active,"9541 Erickson Drive, Burnaby, BC, V3J 7N8",9541 Erickson Drive,Burnaby,Vancouver,BC,1850,1,1,806,N/A,Apartment,Erickson Tower 1 Bedroom Apartment Rental 1605-9541 Erickson Drive Burnaby: VADAPM.com This spacious 1 bedroom apartment rental at Erickson Tower is available for rent now! The suite offers a ...,N/A,N/A,N/A,N/A,N/A,N/A,Yes,N/A,N/A,N/A,N/A,N/A,N/A,1734736154,4d0b85bbdc7e28e246ea2e117d77d4eb,N/A,N/A,N/A,N/A,N/A,N/A,1
Barclay House 1 BR APT Rentals 1770 Barclay St Vancouver: VADA,https://www.kijiji.ca/v-apartments-condos/vancouver/barclay-house-1-br-apt-rentals-1770-barclay-st-vancouver:-vada/1734735538,Kijiji.ca,N/A,N/A,N/A,2026-06-07,2026-06-07,active,"1770 Barclay Street, Vancouver, BC, V6G 1K5",1770 Barclay Street,Vancouver,Vancouver,BC,2000,1,1,600,N/A,Apartment,"Barclay House 1 BR APT Rentals 1770 Barclay St Vancouver: VADA About These Rentals Experience refined urban living at Barclay House, ideally situated at 1770 Barclay Street in the heart of ...",N/A,N/A,N/A,N/A,N/A,N/A,Yes,N/A,N/A,N/A,N/A,N/A,N/A,1734735538,148629f7831e936d2ea0632206763665,N/A,N/A,N/A,N/A,N/A,N/A,1
1BR Special Offer,https://www.kijiji.ca/v-apartments-condos/vancouver/1br-special-offer/1734735258,Kijiji.ca,N/A,N/A,N/A,2026-06-07,2026-06-07,active,"1225 Cardero Street, Vancouver, BC, V6G 2H8",1225 Cardero Street,Vancouver,Vancouver,BC,2260,1,1,579,N/A,Basement Suite,"1BR Special Offer Spring Move-in Special Up to 3 Months Free Rent on Select Suites Sign new lease by June 30, 2026 to unlock these savings* *Limited time offer. Subject to specific terms and ...",N/A,N/A,N/A,N/A,N/A,N/A,Yes,N/A,N/A,N/A,N/A,N/A,N/A,1734735258,773007d5ce72dbe891ed31bf0191ec74,N/A,N/A,N/A,N/A,N/A,N/A,1
Studio *Special Offer Available*,https://www.kijiji.ca/v-apartments-condos/vancouver/studio-special-offer-available/1734735259,Kijiji.ca,N/A,N/A,N/A,2026-06-07,2026-06-07,active,"1225 Cardero Street, Vancouver, BC, V6G 2H8",1225 Cardero Street,Vancouver,Vancouver,BC,2040,Studio/Bachelor,1,441,N/A,Basement Suite,"Studio *Special Offer Available* Spring Move-in Special Up to 3 Months Free Rent on Select Suites Sign new lease by June 30, 2026 to unlock these savings* *Limited time offer. Subject to specific ...",N/A,N/A,N/A,N/A,N/A,N/A,Yes,N/A,N/A,N/A,N/A,N/A,N/A,1734735259,cf25317498720631647186e3847794a3,N/A,N/A,N/A,N/A,N/A,N/A,1
1 Bedroom 1 Bath,https://www.kijiji.ca/v-apartments-condos/vancouver/1-bedroom-1-bath/1734735385,Kijiji.ca,N/A,N/A,N/A,2026-06-07,2026-06-07,active,"1523 Davie Street, Vancouver, BC, V6G 3A2",1523 Davie Street,Vancouver,Vancouver,BC,2300,1,1,542,N/A,Apartment,1 Bedroom 1 Bath Only a small community will be able to say they live at “The Mansion”. ASK ABOUT OUR INCENTIVES! 1 indoor cat permitted. CMC has spared no expense to outfit The Mansion to include ...,N/A,N/A,N/A,N/A,N/A,N/A,No,N/A,N/A,N/A,N/A,N/A,N/A,1734735385,369f591c7d146132213f88bd8af3e768,N/A,N/A,N/A,N/A,N/A,N/A,1
Brand New Pet Friendly 1 Bed and Flex Apartment Rentals at Chrom,https://www.kijiji.ca/v-apartments-condos/vancouver/brand-new-pet-friendly-1-bed-and-flex-apartment-rentals-at-chrom/1734735436,Kijiji.ca,N/A,N/A,N/A,2026-06-07,2026-06-07,active,"1888 Scotia Street, Vancouver, BC, V5T 0L3",1888 Scotia Street,Vancouver,Vancouver,BC,2338,1,1,577,N/A,Apartment,Brand New Pet Friendly 1 Bed and Flex Apartment Rentals at Chroma in False Creek TENANTS GET LIMITED TIME MOVE IN INCENTIVES &amp; PROMO PRICING. Pets are allowed. Parking and storage is available. ...,N/A,N/A,N/A,N/A,N/A,N/A,Yes,N/A,N/A,N/A,N/A,N/A,N/A,1734735436,f160e083c476f3883af2d46357b87fd7,N/A,N/A,N/A,N/A,N/A,N/A,1
Brand New Pet Friendly 1 Bed and Flex Apartment Rentals at Chrom,https://www.kijiji.ca/v-apartments-condos/vancouver/brand-new-pet-friendly-1-bed-and-flex-apartment-rentals-at-chrom/1734735449,Kijiji.ca,N/A,N/A,N/A,2026-06-07,2026-06-07,active,"1888 Scotia Street, Vancouver, BC, V5T 0L3",1888 Scotia Street,Vancouver,Vancouver,BC,2452,1,1,625,N/A,Apartment,Brand New Pet Friendly 1 Bed and Flex Apartment Rentals at Chroma Off Main in South False Creek TENANTS GET LIMITED TIME MOVE IN INCENTIVES &amp; PROMO PRICING. Pets are allowed. Parking and storage is ...,N/A,N/A,N/A,N/A,N/A,N/A,Yes,N/A,N/A,N/A,N/A,N/A,N/A,1734735449,12997b27748266b26fce590bdc94cf8c,N/A,N/A,N/A,N/A,N/A,N/A,1
Brand New Pet Friendly Studio Rentals at Chroma in False Creek,https://www.kijiji.ca/v-apartments-condos/vancouver/brand-new-pet-friendly-studio-rentals-at-chroma-in-false-creek/1734735450,Kijiji.ca,N/A,N/A,N/A,2026-06-07,2026-06-07,active,"1888 Scotia Street, Vancouver, BC, V5T 0L3",1888 Scotia Street,Vancouver,Vancouver,BC,1889,Studio/Bachelor,1,400,N/A,Studio,Brand New Pet Friendly Studio Rentals at Chroma in False Creek TENANTS GET LIMITED TIME MOVE IN INCENTIVES &amp; PROMO PRICING. Pets are allowed. Parking and storage is available. Tenants also get Modo ...,N/A,N/A,N/A,N/A,N/A,N/A,Yes,N/A,N/A,N/A,N/A,N/A,N/A,1734735450,86c4cd900d02a45f95e646b94d8483c4,N/A,N/A,N/A,N/A,N/A,N/A,1
The Mansion,https://www.kijiji.ca/v-apartments-condos/vancouver/the-mansion/1734735387,Kijiji.ca,N/A,N/A,N/A,2026-06-07,2026-06-07,active,"1523 Davie Street, Vancouver, BC, V6G 3A2",1523 Davie Street,Vancouver,Vancouver,BC,2500,1,1.5,725,N/A,Apartment,The Mansion Only a small community will be able to say they live at “The Mansion”. ASK ABOUT OUR INCENTIVES! 1 indoor cat permitted. CMC has spared no expense to outfit The Mansion to include the ...,N/A,N/A,N/A,N/A,N/A,N/A,Yes,N/A,N/A,N/A,N/A,N/A,N/A,1734735387,81d514a80c1c511136aa14876b986df6,N/A,N/A,N/A,N/A,N/A,N/A,1
2 Level 2 Bed and Flex Loft Rentals at Chroma in South False Cre,https://www.kijiji.ca/v-apartments-condos/vancouver/2-level-2-bed-and-flex-loft-rentals-at-chroma-in-south-false-cre/1734735443,Kijiji.ca,N/A,N/A,N/A,2026-06-07,2026-06-07,active,"1888 Scotia Street, Vancouver, BC, V5T 0L3",1888 Scotia Street,Vancouver,Vancouver,BC,4310,2,1,912,N/A,N/A,"2 Level 2 Bed and Flex Loft Rentals at Chroma in South False Creek, Vancouver TENANTS GET LIMITED TIME MOVE IN INCENTIVES &amp; PROMO PRICING. Pets are allowed. Parking and storage is available. Tenants ...",N/A,N/A,N/A,N/A,N/A,N/A,Yes,N/A,N/A,N/A,N/A,N/A,N/A,1734735443,784b640a5fd8cb4ef8fbe7b7864cf1e8,N/A,N/A,N/A,N/A,N/A,N/A,1
