id,name,category,address,latitude,longitude,fetched_at
583,Champlain Heights Annex,Public School,7835 Champlain Crescent,49.2140784317513,-123.03054968939806,2026-06-07T23:58:02.389447
584,Charles Dickens Annex,Public School,3877 Glen Drive,49.2502130610676,-123.08271031,2026-06-07T23:58:02.389447
585,Crofton House,Independent School,3200 W 41st Av,49.233677833584544,-123.17721815907593,2026-06-07T23:58:02.389447
586,David Livingstone Elementary,Public School,315 E 23rd Av,49.2507533360676,-123.09798144,2026-06-07T23:58:02.389447
587,G F Strong School Program,Public School,5025 Willow St,49.23963096106753,-123.12579095999999,2026-06-07T23:58:02.389447
588,General Brock Elementary,Public School,4860 Main St,49.24121522106756,-123.10063141,2026-06-07T23:58:02.389447
589,Lord Selkirk Elementary,Public School,1750 E 22nd Av,49.249691952067586,-123.06900705,2026-06-07T23:58:02.389447
590,Pattison High School,Independent School,981 Nelson St,49.28108362095662,-123.12511331828341,2026-06-07T23:58:02.389447
591,Pattison School,Independent School,981 Nelson St,49.28108362095662,-123.12511331828341,2026-06-07T23:58:02.389447
592,Sir Charles Kingsford-Smith,Public School,6901 Elliott St,49.221596673067474,-123.0557042,2026-06-07T23:58:02.389447
593,St Francis Xavier,Independent School,428 Great Northern Way,49.26646231107508,-123.09452064422761,2026-06-07T23:58:02.389447
594,The Westside School,Independent School,788 Beatty St,49.27757064431133,-123.11344354347607,2026-06-07T23:58:02.389447
595,Lord Roberts Elementary,Public School,1100 Bidwell St,49.28678528206777,-123.13784476,2026-06-07T23:58:02.389447
596,Queen Alexandra Elementary,Public School,1300 E Broadway,49.261970549067655,-123.07592057,2026-06-07T23:58:02.389447
597,Quilchena Elementary,Public School,5300 Maple St,49.23724621006754,-123.15157081,2026-06-07T23:58:02.389447
598,Simon Fraser Elementary,Public School,100 W 15th Av,49.25717135541721,-123.10819689943345,2026-06-07T23:58:02.389447
599,Sir Alexander Mackenzie StrongStart,StrongStart BC,960 E 39th Av,49.23453643506752,-123.08671432,2026-06-07T23:58:02.389447
600,Sir Wilfrid Laurier Elementary,Public School,7350 Laurel St,49.21776253406744,-123.12504721,2026-06-07T23:58:02.389447
601,Tecumseh Elementary,Public School,1850 E 41st Av,49.2320557420675,-123.06800394,2026-06-07T23:58:02.389447
602,Thunderbird StrongStart Centre,StrongStart BC,2325 Cassiar St,49.263648890401456,-123.03187058558184,2026-06-07T23:58:02.389447
603,Trafalgar Elementary,Public School,4170 Trafalgar St,49.250178756067605,-123.16460607,2026-06-07T23:58:02.389447
604,West Coast Christian School,Independent School,15 N Renfrew St,49.284984466234356,-123.04453612333309,2026-06-07T23:58:02.389447
605,David Thompson Secondary,Public School,1755 E 55th Av,49.220439256067465,-123.07063159999998,2026-06-07T23:58:02.389447
606,Dr Annie B Jamieson Elementary,Public School,6350 Tisdall St,49.22690693506749,-123.12100426,2026-06-07T23:58:02.389447
607,Emily Carr Elementary,Public School,4070 Oak St,49.2500416520676,-123.12609640999999,2026-06-07T23:58:02.389447
608,Fraser Academy,Independent School,2294 W 10th Av,49.26266070419338,-123.15727596082289,2026-06-07T23:58:02.389447
609,King George Secondary,Public School,1755 Barclay St,49.28982415206781,-123.13644517,2026-06-07T23:58:02.389447
610,Lord Kitchener Elementary,Public School,3455 W King Edward Av,49.250581806373596,-123.18024556263893,2026-06-07T23:58:02.389447
611,Madrona School,Independent School,2678 W Broadway,49.263528260800655,-123.16601055529476,2026-06-07T23:58:02.389447
612,Peak House,Public School,1580 W Broadway,49.26329988232251,-123.14026052001878,2026-06-07T23:58:02.389447
613,Queen Victoria Annex,Public School,1850 E 3rd Av,49.267187849067696,-123.06634874,2026-06-07T23:58:02.389447
614,Renfrew Community Elementary,Public School,3315 E 22nd Av,49.25145777406758,-123.03205805,2026-06-07T23:58:02.389447
615,Sir Wm Van Horne Elementary,Public School,5855 Ontario St,49.23156648606752,-123.10656921,2026-06-07T23:58:02.389447
616,St Anthony of Padua,Independent School,1370 W 73rd Av,49.20446493818909,-123.13700792036838,2026-06-07T23:58:02.389447
617,St Patrick's Elementary,Independent School,2850 Quebec St,49.259762302830595,-123.1024366967439,2026-06-07T23:58:02.389447
618,Tyee Elementary,Public School,3525 Dumphries St,49.25356935406761,-123.07382164,2026-06-07T23:58:02.389447
619,Vancouver Hebrew Academy,Independent School,1545 W 62nd Av,49.21547172757715,-123.1413692647842,2026-06-07T23:58:02.389447
620,Walter Moberly Elementary,Public School,1000 E 59th Av,49.216109230067424,-123.08434542,2026-06-07T23:58:02.389447
621,Admiral Seymour StrongStart Centre,StrongStart BC,1130 Keefer St,49.27859426906773,-123.08031429999998,2026-06-07T23:58:02.389447
622,Bayview Community Elementary,Public School,2251 Collingwood St,49.26648700606768,-123.18233379,2026-06-07T23:58:02.389447
623,Canuck Place School Program,Public School,1690 Matthews Av,49.251669525820965,-123.14306239951357,2026-06-07T23:58:02.389447
624,Chief Maquinna Elementary,Public School,2684 E 2nd Av,49.26788631306769,-123.05058984,2026-06-07T23:58:02.389447
625,David Lloyd George StrongStart Centre,StrongStart BC,8370 Cartier St,49.209962411067416,-123.13634890999998,2026-06-07T23:58:02.389447
626,John Henderson StrongStart Centre,StrongStart BC,801 E 54th Av,49.22104214306744,-123.08804322,2026-06-07T23:58:02.389447
627,Kitsilano Secondary,Public School,2550 W 10th Av,49.262654772067656,-123.16358941,2026-06-07T23:58:02.389447
628,Magee Secondary,Public School,6360 Maple St,49.22855386506042,-123.15153798760876,2026-06-07T23:58:02.389447
629,PALS Autism School,Independent School,2409 E Pender St,49.28051480952856,-123.05595432992459,2026-06-07T23:58:02.389447
630,Pacific Spirit School,Independent School,4196 W 4th Av,49.267667982326586,-123.1982460233882,2026-06-07T23:58:02.389447
631,Pierre Elliott Trudeau Elementary,Public School,449 E 62nd Av,49.21445400406743,-123.096959,2026-06-07T23:58:02.389447
632,St Andrew's,Independent School,450 E 47th Av,49.22721361145612,-123.09585589038312,2026-06-07T23:58:02.389447
633,St Francis of Assisi,Independent School,870 Victoria Drive,49.276881634743646,-123.06504858875364,2026-06-07T23:58:02.389447
634,Vancouver College DL,Independent School,5400 Cartier St,49.23495941876865,-123.1361713344514,2026-06-07T23:58:02.389447
635,Vancouver Formosa Academy,Independent School,5621 Killarney St,49.233747421132286,-123.04636736023019,2026-06-07T23:58:02.389447
636,Waverley Elementary,Public School,6111 Elliott St,49.22783722506748,-123.05578593,2026-06-07T23:58:02.389447
637,Waverley StrongStart Centre,StrongStart BC,6111 Elliott St,49.22783722506748,-123.05578593,2026-06-07T23:58:02.389447
638,York House Little School,Independent School,3274 East Boulevard,49.25670999906763,-123.152101,2026-06-07T23:58:02.389447
639,Sir James Douglas Elementary,Public School,2150 Brigadoon Av,49.21604932869144,-123.0646531767478,2026-06-07T23:58:02.389447
640,Alexander Academy,Independent School,688 W Hastings St,49.28500059925005,-123.11400985419304,2026-06-07T23:58:02.389447
641,Captain James Cook StrongStart Centre,StrongStart BC,3340 E 54th Av,49.219380799067466,-123.03582905,2026-06-07T23:58:02.389447
642,Carnarvon Community Elementary,Public School,3400 Balaclava St,49.25658742134096,-123.17355723856548,2026-06-07T23:58:02.389447
643,Dr A R Lord Elementary,Public School,555 Lillooet St,49.27964048422215,-123.03951720287967,2026-06-07T23:58:02.389447
644,Ecole Jules Quesnel Elementary,Public School,3050 Crown St,49.25956780506763,-123.19253813000002,2026-06-07T23:58:02.389447
645,Family Montessori School,Independent School,4196 W 4th Av,49.267667982326586,-123.1982460233882,2026-06-07T23:58:02.389447
646,G T Cunningham Elementary,Public School,2330 E 37th Av,49.23673222606754,-123.05745595,2026-06-07T23:58:02.389447
647,Lord Beaconsfield Elementary,Public School,3663 Penticton St,49.2521383750676,-123.05269627000001,2026-06-07T23:58:02.389447
648,Lord Selkirk Annex,Public School,4444 Dumfries St,49.24532077406758,-123.07246012,2026-06-07T23:58:02.389447
649,Mount Pleasant StrongStart Centre,StrongStart BC,2300 Guelph St,49.26396573206767,-123.09399954,2026-06-07T23:58:02.389447
650,Queen Elizabeth Elementary,Public School,4102 W 16th Av,49.257791772067634,-123.20112784000001,2026-06-07T23:58:02.389447
651,Shaughnessy Elementary,Public School,4250 Marguerite St,49.24867607506759,-123.14380998000001,2026-06-07T23:58:02.389447
652,Sir Charles Tupper Secondary,Public School,419 E 24th Av,49.249753501067595,-123.09480947999998,2026-06-07T23:58:02.389447
653,St John's School,Independent School,2215 W 10th Av,49.26317767149081,-123.1561791428068,2026-06-07T23:58:02.389447
654,St Mary's,Independent School,5239 Joyce St,49.237501631148845,-123.03370590892874,2026-06-07T23:58:02.389447
655,St Patrick Regional Secondary,Independent School,115 E 11th Av,49.261404544549904,-123.10260439171995,2026-06-07T23:58:02.389447
656,Thunderbird Elementary,Public School,2325 Cassiar St,49.263648890401456,-123.03187058558184,2026-06-07T23:58:02.389447
657,Vancouver College,Independent School,5400 Cartier St,49.23495941876865,-123.1361713344514,2026-06-07T23:58:02.389447
658,Westside Montessori Academy,Independent School,3075 Slocan St,49.256937847571606,-123.0503919492473,2026-06-07T23:58:02.389447
659,York House School,Independent School,4176 Alexandra St,49.248848218981884,-123.14034013611547,2026-06-07T23:58:02.389447
660,Edith Cavell Elementary,Public School,500 W 20th Av,49.25290710906762,-123.11722884,2026-06-07T23:58:02.389447
661,John Henderson Annex,Public School,801 E 54th Av,49.22104214306744,-123.08804322,2026-06-07T23:58:02.389447
662,Lord Tennyson Elementary,Public School,1936 W 10th Av,49.262518934067664,-123.14937705,2026-06-07T23:58:02.389447
663,Norma Rose Point School,Public School,4102 W 16th Av,49.257791772067634,-123.20112784000001,2026-06-07T23:58:02.389447
664,Stratford Hall,Independent School,3000 Commercial Drive,49.257469215545306,-123.06946327228026,2026-06-07T23:58:02.389447
665,Vancouver Alternate,Public School,1580 W Broadway,49.26329988232251,-123.14026052001878,2026-06-07T23:58:02.389447
666,Dr George M Weir Elementary,Public School,2900 E 44th Av,49.22957875906749,-123.04440254,2026-06-07T23:58:02.389447
667,Hastings Community Elementary,Public School,2625 Franklin St,49.28261095988815,-123.05057740868249,2026-06-07T23:58:02.389447
668,Mount Pleasant Elementary,Public School,2300 Guelph St,49.26396573206767,-123.09399954,2026-06-07T23:58:02.389447
669,Royal Canadian College,Independent School,8610 Ash St,49.20724201501598,-123.11860774594169,2026-06-07T23:58:02.389447
670,Sir James Douglas Annex,Public School,7668 Borden St,49.214830464067425,-123.07329351,2026-06-07T23:58:02.389447
671,Sir Sandford Fleming Elementary,Public School,1401 E 49th Av,49.22574768906748,-123.07657409,2026-06-07T23:58:02.389447
672,Sir Wilfred Grenfell Community,Public School,3323 Wellington Av,49.242891620676865,-123.0348073745407,2026-06-07T23:58:02.389447
673,West Point Grey Academy,Independent School,4125 W 8th Av,49.26706634514379,-123.20150739365414,2026-06-07T23:58:02.389447
674,BC Childrens Hosp School Program,Public School,5025 Willow St,49.23963096106753,-123.12579095999999,2026-06-07T23:58:02.389447
675,Charles Dickens Elementary,Public School,1010 E 17th Av,49.254854500002445,-123.08239063270196,2026-06-07T23:58:02.389447
676,Collingwood StrongStart Centre,StrongStart BC,3417 Euclid Av,49.23634859906753,-123.032313,2026-06-07T23:58:02.389447
677,Columbia College,Independent School,438 Terminal Av,49.27155962112064,-123.09507768504591,2026-06-07T23:58:02.389447
678,Dr R E McKechnie Elementary,Public School,7455 Maple St,49.21770658906743,-123.15401133,2026-06-07T23:58:02.389447
679,False Creek Elementary,Public School,900 School Green,49.26710311106769,-123.12685921,2026-06-07T23:58:02.389447
680,Garibaldi Annex,Public School,1025 Slocan St,49.27541639106772,-123.05026876999999,2026-06-07T23:58:02.389447
681,General Gordon Elementary,Public School,2896 W 6th Av,49.26597990206767,-123.17067418,2026-06-07T23:58:02.389447
682,Immaculate Conception School,Independent School,3745 W 28th Av,49.24759061248421,-123.18770751925071,2026-06-07T23:58:02.389447
683,J.W. Sexsmith Community Elementary,Public School,7455 Ontario St,49.21726779206743,-123.10879442,2026-06-07T23:58:02.389447
684,John Oliver Secondary,Public School,530 E 41st Av,49.23195715006752,-123.09279776,2026-06-07T23:58:02.389447
685,Lord Byng Secondary,Public School,3939 W 16th Av,49.259566550086106,-123.1925309529982,2026-06-07T23:58:02.389447
686,Lord Nelson Elementary,Public School,2235 Kitchener St,49.27250773706771,-123.05971209,2026-06-07T23:58:02.389447
687,Lord Selkirk StrongStart Centre,StrongStart BC,1750 E 22nd Av,49.249691952067586,-123.06900705,2026-06-07T23:58:02.389447
688,Pacific Torah Institute International,Independent School,5750 Oak St,49.23342156632536,-123.12761225509908,2026-06-07T23:58:02.389447
689,Prov. Early Intervention Resource Prg,Public School,3417 Euclid Av,49.23634859906753,-123.032313,2026-06-07T23:58:02.389447
690,Queen Alexandra StrongStart Centre,StrongStart BC,1300 E Broadway,49.261970549067655,-123.07592057,2026-06-07T23:58:02.389447
691,Queen Mary Elementary,Public School,2000 Trimble St,49.26785642206768,-123.20479699,2026-06-07T23:58:02.389447
692,Sir John Franklin Community,Public School,250S Skeena St,49.28249619606777,-123.02758566,2026-06-07T23:58:02.389447
693,St George's School,Independent School,4175 W 29th Av,49.24758226745896,-123.19846496388473,2026-06-07T23:58:02.389447
694,St Joseph's,Independent School,3261 Fleming St,49.255914408245054,-123.0716470523458,2026-06-07T23:58:02.389447
695,St Jude's,Independent School,2953 E 15th Av,49.256545786691255,-123.04262672835044,2026-06-07T23:58:02.389447
696,Templeton Secondary,Public School,727 Templeton Drive,49.278439093067725,-123.06069106000001,2026-06-07T23:58:02.389447
697,Vancouver Technical Secondary,Public School,2600 E Broadway,49.260755475067654,-123.05129983999998,2026-06-07T23:58:02.389447
698,Westside Montessori,Independent School,4157 Oak St,49.24857412675284,-123.1280001050362,2026-06-07T23:58:02.389447
699,SD 39 DL Elementary,Public School,1025 Slocan St,49.27541639106772,-123.05026876999999,2026-06-07T23:58:02.389447
700,Champlain Heights Annex StrongStart Cntr,StrongStart BC,7835 Champlain Crescent,49.2140784317513,-123.03054968939806,2026-06-07T23:58:02.389447
701,BCCH Eating Disorders School Program,Public School,5025 Willow St,49.23963096106753,-123.12579095999999,2026-06-07T23:58:02.389447
702,Century High School,Independent School,1788 W Broadway,49.263384758081116,-123.14531440269688,2026-06-07T23:58:02.389447
703,Florence Nightingale Elementary,Public School,2740 Guelph St,49.260059324067655,-123.09371757,2026-06-07T23:58:02.389447
704,General Wolfe Elementary,Public School,4251 Ontario St,49.247228706067595,-123.10596494,2026-06-07T23:58:02.389447
705,Lord Strathcona Community Elementary,Public School,592 E Pender St,49.27981151466552,-123.09147679242075,2026-06-07T23:58:02.389447
706,Maple Grove Elementary,Public School,6199 Cypress St,49.22940869906749,-123.15151486,2026-06-07T23:58:02.389447
707,Pacific Torah Institute,Independent School,5750 Oak St,49.23342156632536,-123.12761225509908,2026-06-07T23:58:02.389447
708,Sir Richard McBride Annex,Public School,4750 St. Catherines St,49.241944229212045,-123.08495018892324,2026-06-07T23:58:02.389447
709,Tillicum Annex StrongStart Centre,StrongStart BC,2450 Cambridge St,49.28626345506777,-123.05559853,2026-06-07T23:58:02.389447
710,Vancouver Learning Network,Public School,530 E 41st Av,49.23195715006752,-123.09279776,2026-06-07T23:58:02.389447
711,BC Children's Adol. Psych. Unit,Public School,5025 Willow St,49.23963096106753,-123.12579095999999,2026-06-07T23:58:02.389447
712,Britannia Community Secondary,Public School,1001 Cotton Drive,49.27523599085204,-123.07192309841,2026-06-07T23:58:02.389447
713,Captain James Cook Elementary,Public School,3340 E 54th Av,49.219380799067466,-123.03582905,2026-06-07T23:58:02.389447
714,Chief Maquinna StrongStart Centre,StrongStart BC,2684 E 2nd Av,49.26788631306769,-123.05058984,2026-06-07T23:58:02.389447
715,Children's Hearing and Speech Centre BC,Independent School,3575 Kaslo St,49.25235796846878,-123.0483494372457,2026-06-07T23:58:02.389447
716,Collingwood Neighbourhood School,Public School,3417 Euclid Av,49.23634859906753,-123.032313,2026-06-07T23:58:02.389447
717,Elsie Roy Elementary,Public School,150 Drake St,49.27223799906772,-123.122482,2026-06-07T23:58:02.389447
718,Graham Bruce Community Elementary,Public School,3633 Tanner St,49.24206908706756,-123.02567271,2026-06-07T23:58:02.389447
719,Henry Hudson Elementary,Public School,1551 Cypress St,49.2722458780677,-123.14935629,2026-06-07T23:58:02.389447
720,Ivy Montessori School,Independent School,2490 W 37th Av,49.238114800850234,-123.16209828723368,2026-06-07T23:58:02.389447
721,John Henderson Elementary,Public School,451 E 53rd Av,49.222569588067465,-123.09527169,2026-06-07T23:58:02.389447
722,John Norquay Elementary,Public School,4710 Slocan St,49.24142469506758,-123.0516408,2026-06-07T23:58:02.389447
723,King David High School,Independent School,5718 Willow St,49.23344818232933,-123.1227909397854,2026-06-07T23:58:02.389447
724,Little Flower Academy,Independent School,4195 Alexandra St,49.24843134181949,-123.14226149913934,2026-06-07T23:58:02.389447
725,Lord Roberts Annex,Public School,1150 Nelson St,49.283091710067765,-123.12980600999998,2026-06-07T23:58:02.389447
726,Our Lady of Perpetual Help,Independent School,2550 Camosun St,49.264135070670505,-123.19617943097614,2026-06-07T23:58:02.389447
727,Pacific Rim Montessori Academy,Independent School,1819 Larch St,49.269785798267485,-123.16244364510744,2026-06-07T23:58:02.389447
728,Sir Alexander Mackenzie Elementary,Public School,960 E 39th Av,49.23453643506752,-123.08671432,2026-06-07T23:58:02.389447
729,Sir Guy Carleton Community Elementary,Public School,3250 Kingsway,49.234347746067506,-123.03760798,2026-06-07T23:58:02.389447
730,Sir Richard McBride Elementary,Public School,1300 E 29th Av,49.244156609067566,-123.07817551,2026-06-07T23:58:02.389447
731,Sir William Macdonald Community,Public School,1950 E Hastings St,49.280723909067746,-123.06467911,2026-06-07T23:58:02.389447
732,Sir Winston Churchill Secondary,Public School,7055 Heather St,49.22105956806746,-123.12561546,2026-06-07T23:58:02.389447
733,Sunny Hill Hospital Program,Public School,3155 E 27th Av,49.246512456067585,-123.0371743,2026-06-07T23:58:02.389447
734,Vancouver Christian,Independent School,3496 Mons Drive,49.25471221591419,-123.02856693112142,2026-06-07T23:58:02.389447
735,Vancouver Montessori School,Independent School,8650 Barnard St,49.20779039590787,-123.14463359946043,2026-06-07T23:58:02.389447
736,Champlain Heights Community Elementary,Public School,6955 Frontenac St,49.22064030106746,-123.02774835,2026-06-07T23:58:02.389447
737,Continuing Ed SD 39,Public School,1580 W Broadway,49.26329988232251,-123.14026052001878,2026-06-07T23:58:02.389447
738,Corpus Christi School,Independent School,6344 Nanaimo St,49.226406104158166,-123.05758354036608,2026-06-07T23:58:02.389447
739,David Lloyd George Elementary,Public School,8370 Cartier St,49.209962411067416,-123.13634890999998,2026-06-07T23:58:02.389447
740,David Oppenheimer Elementary,Public School,2421 Scarboro Av,49.21331811031946,-123.05829331021336,2026-06-07T23:58:02.389447
741,Eric Hamber Secondary,Public School,5025 Willow St,49.23963096106753,-123.12579095999999,2026-06-07T23:58:02.389447
742,Florence Nightingale StrongStart Centre,StrongStart BC,2740 Guelph St,49.260059324067655,-123.09371757,2026-06-07T23:58:02.389447
743,Gladstone Secondary,Public School,4105 Gladstone St,49.24761203506759,-123.06163307000001,2026-06-07T23:58:02.389447
744,Kerrisdale Annex,Public School,3250 W 43rd Av,49.232867999067516,-123.177405,2026-06-07T23:58:02.389447
745,L'Ecole Bilingue Elementary,Public School,1166 W 14th Av,49.25808403306762,-123.13038640000002,2026-06-07T23:58:02.389447
746,Lord Nelson StrongStart Centre,StrongStart BC,2235 Kitchener St,49.27250773706771,-123.05971209,2026-06-07T23:58:02.389447
747,Nootka Community Elementary,Public School,3375 Nootka St,49.25359297006762,-123.04294917,2026-06-07T23:58:02.389447
748,Notre Dame Regional Secondary,Independent School,2880 Venables St,49.275802839348714,-123.04556662808874,2026-06-07T23:58:02.389447
749,Our Lady of Sorrows,Independent School,575 Slocan St,49.27957121602082,-123.05015370472844,2026-06-07T23:58:02.389447
750,Queen Elizabeth Annex,Public School,4275 Crown St,49.24893677906758,-123.19469107,2026-06-07T23:58:02.389447
751,Sir Matthew Begbie Elementary,Public School,1430 Lillooet St,49.27183079984159,-123.03801003712412,2026-06-07T23:58:02.389447
752,Sir Wilfrid Laurier Annex,Public School,590 W 65th Av,49.210717995067405,-123.11944529999998,2026-06-07T23:58:02.389447
753,Sir William Osler Elementary,Public School,5970 Selkirk St,49.23076242206749,-123.13266216000001,2026-06-07T23:58:02.389447
754,Southlands Elementary,Public School,5351 Camosun St,49.23813758506754,-123.19781516,2026-06-07T23:58:02.389447
755,St Augustine's,Independent School,2145 W 8th Av,49.26517255153582,-123.15355224259545,2026-06-07T23:58:02.389447
756,Walter Moberly StrongStart Centre,StrongStart BC,1000 E 59th Av,49.216109230067424,-123.08434542,2026-06-07T23:58:02.389447
757,Windermere Community Secondary,Public School,3155 E 27th Av,49.246512456067585,-123.0371743,2026-06-07T23:58:02.389447
758,Britannia Community Elementary,Public School,1110 Cotton Drive,49.27451200859733,-123.07137879542154,2026-06-07T23:58:02.389447
759,Dr H N MacCorkindale Elementary,Public School,6100 Battison St,49.22799018553298,-123.02935503511594,2026-06-07T23:58:02.389447
760,Grandview Elementary,Public School,2055 Woodland Dr,49.266193169067684,-123.0743697,2026-06-07T23:58:02.389447
761,Laura Secord Elementary,Public School,2500 Lakewood Drive,49.26173570306765,-123.06022338,2026-06-07T23:58:02.389447
762,Prince of Wales Secondary,Public School,2250 Eddington Drive,49.24498305306758,-123.15953565,2026-06-07T23:58:02.389447
763,Sir Wilfred Grenfell StrongStart Centre,StrongStart BC,3323 Wellington Av,49.242891620676865,-123.0348073745407,2026-06-07T23:58:02.389447
764,Tillicum Community Annex,Public School,2450 Cambridge St,49.28626345506777,-123.05559853,2026-06-07T23:58:02.389447
765,Vancouver Talmud Torah Elementary,Independent School,998 W 26th Av,49.2475796718668,-123.12682202118758,2026-06-07T23:58:02.389447
766,Admiral Seymour Elementary,Public School,1130 Keefer St,49.27859426906773,-123.08031429999998,2026-06-07T23:58:02.389447
767,Anchor Point Montessori,Independent School,1351 Hornby St,49.277061847359775,-123.13091892226645,2026-06-07T23:58:02.389447
768,Blessed Sacrament School,Independent School,3020 Heather St,49.2583379074734,-123.1193909103338,2026-06-07T23:58:02.389447
769,Chief Maquinna Annex,Public School,2882 E 4th Av,49.266421543067686,-123.04511809000002,2026-06-07T23:58:02.389447
770,Crosstown Elementary,Public School,55 Expo Blvd,49.27863099906775,-123.106594,2026-06-07T23:58:02.389447
771,Kerrisdale Elementary,Public School,5555 Carnarvon St,49.23616824506754,-123.17345921,2026-06-07T23:58:02.389447
772,Killarney Secondary,Public School,6454 Killarney St,49.22530010406748,-123.04415722000002,2026-06-07T23:58:02.389447
773,MacDonald StrongStart Centre,StrongStart BC,1950 E Hastings St,49.280723909067746,-123.06467911,2026-06-07T23:58:02.389447
774,Point Grey Secondary,Public School,5350 East Boulevard,49.23728903611385,-123.15343060436416,2026-06-07T23:58:02.389447
775,St John's International,Independent School,1885 W Broadway,49.2640409804403,-123.14789881614395,2026-06-07T23:58:02.389447
776,Tecumseh Annex,Public School,1551 E 37th Av,49.23711627206752,-123.07309884,2026-06-07T23:58:02.389447
